timestamp,event_type,key_state,mouse_x,mouse_y,mouse_button
1788199714.4411821,mouse_move,,1463,1392,
1788199714.4486048,mouse_move,,1464,1392,
1788199714.4565573,mouse_move,,1465,1392,
1788199714.4725828,mouse_move,,1467,1392,
1788199714.48869,mouse_move,,1469,1392,
1788199714.5846775,mouse_move,,1472,1389,
1788199714.6007144,mouse_move,,1472,1388,
1788199714.6086476,mouse_move,,1472,1384,
1788199714.6166155,mouse_move,,1475,1379,
1788199714.632924,mouse_move,,1475,1377,
1788199715.577069,mouse_move,,1476,1378,
1788199715.584618,mouse_move,,1477,1381,
1788199715.5925968,mouse_move,,1477,1384,
1788199715.6005313,mouse_move,,1477,1388,
1788199715.608609,mouse_move,,1477,1394,
1788199715.6165988,mouse_move,,1477,1398,
1788199715.6245055,mouse_move,,1477,1403,
1788199715.632515,mouse_move,,1477,1409,
1788199715.6406288,mouse_move,,1476,1410,
1788199715.648549,mouse_move,,1475,1412,
1788199715.656527,mouse_move,,1473,1418,
1788199715.6646254,mouse_move,,1470,1421,
1788199715.7046275,mouse_move,,1469,1422,
1788199715.8411734,mouse_move,,1471,1424,
1788199715.856801,mouse_move,,1473,1424,
1788199715.8646848,mouse_move,,1476,1424,
1788199715.8726413,mouse_move,,1477,1424,
1788199715.880598,mouse_move,,1479,1422,
1788199715.888503,mouse_move,,1482,1421,
1788199715.8965318,mouse_move,,1487,1416,
1788199715.904564,mouse_move,,1488,1415,
1788199715.9125023,mouse_move,,1492,1413,
1788199715.920524,mouse_move,,1495,1410,
1788199715.9286013,mouse_move,,1497,1408,
1788199715.9365077,mouse_move,,1498,1408,
1788199715.9446015,mouse_move,,1500,1407,
1788199715.9525325,mouse_move,,1502,1407,
1788199715.9605525,mouse_move,,1507,1404,
1788199715.976796,mouse_move,,1509,1404,
1788199715.9845889,mouse_move,,1510,1404,
1788199715.992555,mouse_move,,1511,1404,
1788199716.0651376,mouse_move,,1512,1404,
1788199716.0730221,mouse_move,,1512,1408,
1788199716.0805266,mouse_move,,1509,1413,
1788199716.0886936,mouse_move,,1508,1414,
1788199716.096594,mouse_move,,1500,1418,
1788199716.1045427,mouse_move,,1497,1420,
1788199716.1125212,mouse_move,,1495,1420,
1788199716.1205773,mouse_move,,1491,1421,
1788199716.1286051,mouse_move,,1488,1421,
1788199716.1364987,mouse_move,,1485,1423,
1788199716.2006943,mouse_move,,1485,1423,
1788199716.2090242,mouse_move,,1485,1420,
1788199716.2166212,mouse_move,,1485,1419,
1788199716.2245374,mouse_move,,1485,1418,
1788199716.2406569,mouse_move,,1485,1417,
1788199716.2485602,mouse_move,,1485,1414,
1788199716.2565432,mouse_move,,1490,1410,
1788199716.2645001,mouse_move,,1491,1408,
1788199716.2725978,mouse_move,,1493,1405,
1788199716.2804573,mouse_move,,1497,1400,
1788199716.2887146,mouse_move,,1500,1397,
1788199716.2965634,mouse_move,,1503,1393,
1788199716.3045433,mouse_move,,1506,1388,
1788199716.3124993,mouse_move,,1511,1382,
1788199716.3206031,mouse_move,,1514,1375,
1788199716.3285568,mouse_move,,1519,1368,
1788199716.3365397,mouse_move,,1525,1359,
1788199716.3445814,mouse_move,,1533,1347,
1788199716.3530607,mouse_move,,1539,1332,
1788199716.3605433,mouse_move,,1545,1321,
1788199716.3685343,mouse_move,,1551,1304,
1788199716.3765361,mouse_move,,1556,1282,
1788199716.3845892,mouse_move,,1564,1263,
1788199716.3925378,mouse_move,,1576,1234,
1788199716.4005005,mouse_move,,1583,1207,
1788199716.4086225,mouse_move,,1595,1179,
1788199716.416613,mouse_move,,1601,1157,
1788199716.4245114,mouse_move,,1613,1132,
1788199716.4325683,mouse_move,,1622,1104,
1788199716.440529,mouse_move,,1634,1075,
1788199716.4485347,mouse_move,,1643,1050,
1788199716.4565592,mouse_move,,1655,1022,
1788199716.4645505,mouse_move,,1659,998,
1788199716.4725835,mouse_move,,1668,973,
1788199716.4805052,mouse_move,,1677,951,
1788199716.4887028,mouse_move,,1681,929,
1788199716.4965868,mouse_move,,1688,910,
1788199716.504579,mouse_move,,1690,899,
1788199716.512474,mouse_move,,1692,888,
1788199716.5204873,mouse_move,,1695,876,
1788199716.528575,mouse_move,,1695,872,
1788199716.5364923,mouse_move,,1695,871,
1788199716.5445046,mouse_move,,1697,867,
1788199716.5605872,mouse_move,,1697,866,
1788199716.6326535,mouse_move,,1697,864,
1788199716.6405776,mouse_move,,1698,861,
1788199716.6486056,mouse_move,,1699,858,
1788199716.6565378,mouse_move,,1699,855,
1788199716.6645498,mouse_move,,1699,854,
1788199716.6726582,mouse_move,,1699,852,
1788199716.680518,mouse_move,,1699,849,
1788199716.6886349,mouse_move,,1699,848,
1788199716.6966703,mouse_move,,1699,847,
1788199716.8406782,mouse_move,,1699,846,
1788199716.8485792,mouse_move,,1697,845,
1788199716.8565307,mouse_move,,1684,839,
1788199716.8646643,mouse_move,,1670,837,
1788199716.872656,mouse_move,,1651,831,
1788199716.8805006,mouse_move,,1626,824,
1788199716.8886285,mouse_move,,1591,814,
1788199716.8965755,mouse_move,,1542,798,
1788199716.904626,mouse_move,,1467,781,
1788199716.912517,mouse_move,,1394,748,
1788199716.9206016,mouse_move,,1307,725,
1788199716.9285438,mouse_move,,1211,706,
1788199716.936563,mouse_move,,1117,695,
1788199716.944523,mouse_move,,1013,691,
1788199716.9526224,mouse_move,,916,691,
1788199716.960606,mouse_move,,818,691,
1788199716.9685183,mouse_move,,721,691,
1788199716.976546,mouse_move,,612,694,
1788199716.9845273,mouse_move,,519,697,
1788199716.9925163,mouse_move,,447,701,
1788199717.0005095,mouse_move,,393,701,
1788199717.00851,mouse_move,,361,708,
1788199717.0165546,mouse_move,,342,710,
1788199717.0246248,mouse_move,,334,710,
1788199717.0325418,mouse_move,,331,710,
1788199717.112981,mouse_move,,334,710,
1788199717.120564,mouse_move,,337,710,
1788199717.1285048,mouse_move,,347,710,
1788199717.1364946,mouse_move,,363,710,
1788199717.1445613,mouse_move,,384,710,
1788199717.1526108,mouse_move,,413,710,
1788199717.1605642,mouse_move,,446,710,
1788199717.1684954,mouse_move,,480,709,
1788199717.176541,mouse_move,,525,706,
1788199717.184597,mouse_move,,578,697,
1788199717.192559,mouse_move,,635,690,
1788199717.2005403,mouse_move,,710,669,
1788199717.2085066,mouse_move,,763,660,
1788199717.2165694,mouse_move,,830,653,
1788199717.2245586,mouse_move,,904,642,
1788199717.2324677,mouse_move,,977,632,
1788199717.2406507,mouse_move,,1072,620,
1788199717.248527,mouse_move,,1171,613,
1788199717.2568493,mouse_move,,1276,597,
1788199717.264566,mouse_move,,1375,593,
1788199717.2726383,mouse_move,,1472,593,
1788199717.2804964,mouse_move,,1564,593,
1788199717.2886271,mouse_move,,1646,593,
1788199717.2966151,mouse_move,,1711,593,
1788199717.3045242,mouse_move,,1760,593,
1788199717.3124983,mouse_move,,1798,593,
1788199717.320606,mouse_move,,1827,593,
1788199717.32854,mouse_move,,1860,593,
1788199717.3365953,mouse_move,,1886,593,
1788199717.3445961,mouse_move,,1910,593,
1788199717.3526013,mouse_move,,1931,593,
1788199717.3605947,mouse_move,,1947,593,
1788199717.3685005,mouse_move,,1961,593,
1788199717.3766522,mouse_move,,1969,593,
1788199717.3846557,mouse_move,,1973,593,
1788199717.449034,mouse_move,,1975,592,
1788199717.4972997,mouse_click,down,1975,592,Button.left
1788199717.6094823,mouse_click,up,1975,592,Button.left
1788199717.7051008,mouse_move,,1974,591,
1788199717.7125976,mouse_move,,1973,591,
1788199717.744851,mouse_move,,1971,591,
1788199717.75261,mouse_move,,1966,596,
1788199717.7606812,mouse_move,,1965,599,
1788199717.7685246,mouse_move,,1963,607,
1788199717.7766197,mouse_move,,1958,616,
1788199717.7846231,mouse_move,,1956,628,
1788199717.7925456,mouse_move,,1956,644,
1788199717.800482,mouse_move,,1956,657,
1788199717.8085277,mouse_move,,1956,673,
1788199717.8165803,mouse_move,,1956,687,
1788199717.8245082,mouse_move,,1956,695,
1788199717.8325202,mouse_move,,1957,706,
1788199717.8405547,mouse_move,,1960,713,
1788199717.8486214,mouse_move,,1963,717,
1788199717.8565562,mouse_move,,1966,722,
1788199717.864617,mouse_move,,1969,724,
1788199717.8726075,mouse_move,,1970,726,
1788199717.8805628,mouse_move,,1971,727,
1788199717.8886847,mouse_move,,1972,728,
1788199717.9532962,mouse_move,,1973,728,
1788199717.9768238,mouse_move,,1974,728,
1788199718.0085533,mouse_move,,1977,728,
1788199718.1446538,mouse_move,,1978,731,
1788199718.1605592,mouse_move,,1978,732,
1788199718.376743,mouse_move,,1978,733,
1788199718.4244838,mouse_move,,1978,735,
1788199718.4326565,mouse_move,,1978,738,
1788199718.4405763,mouse_move,,1978,744,
1788199718.4485872,mouse_move,,1976,745,
1788199718.4565895,mouse_move,,1975,746,
1788199718.4805553,mouse_move,,1975,749,
1788199718.4966156,mouse_move,,1975,750,
1788199718.504554,mouse_move,,1975,751,
1788199718.520673,mouse_move,,1975,752,
1788199718.5285184,mouse_move,,1975,754,
1788199718.560617,mouse_move,,1974,756,
1788199718.7047322,mouse_move,,1973,757,
1788199718.7207253,mouse_move,,1973,758,
1788199718.7286491,mouse_move,,1973,760,
1788199718.736563,mouse_move,,1972,761,
1788199718.7446103,mouse_move,,1971,763,
1788199718.7526057,mouse_move,,1968,764,
1788199718.760612,mouse_move,,1967,764,
1788199718.7685223,mouse_move,,1965,765,
1788199718.7765925,mouse_move,,1960,767,
1788199718.7846024,mouse_move,,1959,768,
1788199718.792545,mouse_move,,1958,769,
1788199718.8005278,mouse_move,,1956,769,
1788199718.808597,mouse_move,,1954,769,
1788199718.81653,mouse_move,,1949,770,
1788199718.824506,mouse_move,,1945,772,
1788199718.8325481,mouse_move,,1939,772,
1788199718.84056,mouse_move,,1932,775,
1788199718.8485165,mouse_move,,1924,777,
1788199718.856462,mouse_move,,1917,778,
1788199718.8646014,mouse_move,,1906,784,
1788199718.8726022,mouse_move,,1897,784,
1788199718.880529,mouse_move,,1884,784,
1788199718.8885982,mouse_move,,1868,784,
1788199718.8965945,mouse_move,,1857,784,
1788199718.9045496,mouse_move,,1836,784,
1788199718.9124613,mouse_move,,1807,770,
1788199718.9205964,mouse_move,,1772,757,
1788199718.928594,mouse_move,,1729,729,
1788199718.9365335,mouse_move,,1704,707,
1788199718.9445548,mouse_move,,1677,677,
1788199718.9525995,mouse_move,,1654,640,
1788199718.960622,mouse_move,,1630,597,
1788199718.9684863,mouse_move,,1606,536,
1788199718.9766443,mouse_move,,1578,474,
1788199718.9845579,mouse_move,,1554,412,
1788199718.9926121,mouse_move,,1528,360,
1788199719.0005293,mouse_move,,1511,320,
1788199719.0085952,mouse_move,,1501,286,
1788199719.016563,mouse_move,,1496,265,
1788199719.0245614,mouse_move,,1490,248,
1788199719.0325801,mouse_move,,1488,232,
1788199719.041138,mouse_move,,1486,223,
1788199719.0485532,mouse_move,,1482,211,
1788199719.0564883,mouse_move,,1482,207,
1788199719.064579,mouse_move,,1482,203,
1788199719.072613,mouse_move,,1482,197,
1788199719.0804908,mouse_move,,1482,196,
1788199719.088634,mouse_move,,1482,192,
1788199719.0964808,mouse_move,,1484,189,
1788199719.1045084,mouse_move,,1489,182,
1788199719.1124556,mouse_move,,1490,181,
1788199719.120597,mouse_move,,1491,180,
1788199719.1286068,mouse_move,,1495,179,
1788199719.1366043,mouse_move,,1496,178,
1788199719.144633,mouse_move,,1498,177,
1788199719.1606708,mouse_move,,1501,177,
1788199719.1766055,mouse_move,,1504,177,
1788199719.1846,mouse_move,,1507,177,
1788199719.1925886,mouse_move,,1513,179,
1788199719.2005997,mouse_move,,1518,183,
1788199719.2086112,mouse_move,,1528,196,
1788199719.2165258,mouse_move,,1536,208,
1788199719.2244785,mouse_move,,1546,222,
1788199719.2324474,mouse_move,,1562,242,
1788199719.2406235,mouse_move,,1581,269,
1788199719.2485404,mouse_move,,1597,291,
1788199719.2564685,mouse_move,,1615,315,
1788199719.2645807,mouse_move,,1641,348,
1788199719.2724755,mouse_move,,1663,373,
1788199719.2805803,mouse_move,,1698,405,
1788199719.2887368,mouse_move,,1726,423,
1788199719.2968445,mouse_move,,1754,443,
1788199719.304543,mouse_move,,1776,454,
1788199719.3124661,mouse_move,,1798,465,
1788199719.320564,mouse_move,,1817,472,
1788199719.3286664,mouse_move,,1829,476,
1788199719.3365598,mouse_move,,1835,477,
1788199719.344648,mouse_move,,1841,477,
1788199719.352662,mouse_move,,1842,477,
1788199719.3605897,mouse_move,,1843,477,
1788199719.4652524,mouse_click,down,1843,477,Button.left
1788199719.5855749,mouse_click,up,1843,477,Button.left
1788199719.5926049,mouse_move,,1843,477,
1788199719.6250875,mouse_move,,1841,478,
1788199719.7291017,mouse_move,,1836,478,
1788199719.7365518,mouse_move,,1834,478,
1788199719.7446275,mouse_move,,1830,478,
1788199719.7525594,mouse_move,,1825,478,
1788199719.7605107,mouse_move,,1821,477,
1788199719.7684646,mouse_move,,1816,472,
1788199719.7764616,mouse_move,,1809,467,
1788199719.784638,mouse_move,,1795,461,
1788199719.7925828,mouse_move,,1783,455,
1788199719.80062,mouse_move,,1769,444,
1788199719.8085659,mouse_move,,1757,438,
1788199719.8166034,mouse_move,,1742,430,
1788199719.8245385,mouse_move,,1723,419,
1788199719.832589,mouse_move,,1705,408,
1788199719.8405921,mouse_move,,1686,397,
1788199719.848573,mouse_move,,1666,389,
1788199719.8564327,mouse_move,,1644,378,
1788199719.8645573,mouse_move,,1622,367,
1788199719.8725584,mouse_move,,1602,353,
1788199719.8804965,mouse_move,,1582,338,
1788199719.888543,mouse_move,,1565,325,
1788199719.8965185,mouse_move,,1550,312,
1788199719.9045618,mouse_move,,1535,299,
1788199719.9124646,mouse_move,,1522,287,
1788199719.9205968,mouse_move,,1510,274,
1788199719.928615,mouse_move,,1504,265,
1788199719.9365559,mouse_move,,1499,256,
1788199719.9445243,mouse_move,,1494,249,
1788199719.9525192,mouse_move,,1492,244,
1788199719.9605308,mouse_move,,1487,236,
1788199719.9684758,mouse_move,,1486,233,
1788199719.976535,mouse_move,,1486,230,
1788199719.9846027,mouse_move,,1484,226,
1788199719.9925196,mouse_move,,1484,224,
1788199720.000549,mouse_move,,1484,219,
1788199720.0085297,mouse_move,,1484,217,
1788199720.016559,mouse_move,,1484,212,
1788199720.0245235,mouse_move,,1484,210,
1788199720.0325906,mouse_move,,1484,209,
1788199720.0405602,mouse_move,,1486,205,
1788199720.0726283,mouse_move,,1487,204,
1788199720.1125424,mouse_move,,1493,209,
1788199720.1207607,mouse_move,,1499,228,
1788199720.1285534,mouse_move,,1505,237,
1788199720.1365654,mouse_move,,1511,257,
1788199720.1446192,mouse_move,,1522,276,
1788199720.1525226,mouse_move,,1535,294,
1788199720.1606138,mouse_move,,1546,311,
1788199720.1684935,mouse_move,,1557,328,
1788199720.1764328,mouse_move,,1565,345,
1788199720.1846201,mouse_move,,1580,360,
1788199720.1925375,mouse_move,,1593,375,
1788199720.2006547,mouse_move,,1603,385,
1788199720.2085137,mouse_move,,1613,394,
1788199720.2165244,mouse_move,,1627,398,
1788199720.2245731,mouse_move,,1638,404,
1788199720.2325718,mouse_move,,1645,406,
1788199720.2404625,mouse_move,,1655,406,
1788199720.248547,mouse_move,,1664,406,
1788199720.256528,mouse_move,,1666,406,
1788199720.2645547,mouse_move,,1671,406,
1788199720.2725601,mouse_move,,1672,406,
1788199720.2805336,mouse_move,,1676,404,
1788199720.2886124,mouse_move,,1677,403,
1788199720.2965574,mouse_move,,1678,402,
1788199720.304506,mouse_move,,1679,401,
1788199720.312476,mouse_move,,1680,400,
1788199720.320623,mouse_move,,1683,396,
1788199720.3366277,mouse_move,,1683,390,
1788199720.3446565,mouse_move,,1683,386,
1788199720.3525727,mouse_move,,1683,383,
1788199720.3606615,mouse_move,,1683,377,
1788199720.3685093,mouse_move,,1683,374,
1788199720.376693,mouse_move,,1683,368,
1788199720.3846257,mouse_move,,1681,364,
1788199720.3925467,mouse_move,,1679,360,
1788199720.4004812,mouse_move,,1672,351,
1788199720.4085183,mouse_move,,1668,346,
1788199720.4165168,mouse_move,,1656,338,
1788199720.424474,mouse_move,,1649,333,
1788199720.4326189,mouse_move,,1637,325,
1788199720.4405444,mouse_move,,1622,319,
1788199720.448601,mouse_move,,1606,312,
1788199720.4564695,mouse_move,,1589,306,
1788199720.4645658,mouse_move,,1572,304,
1788199720.4725692,mouse_move,,1554,302,
1788199720.4805667,mouse_move,,1535,300,
1788199720.4885764,mouse_move,,1526,296,
1788199720.496607,mouse_move,,1519,295,
1788199720.5045164,mouse_move,,1517,293,
1788199720.5124812,mouse_move,,1512,292,
1788199720.5206995,mouse_move,,1510,289,
1788199720.5286143,mouse_move,,1508,289,
1788199720.5365465,mouse_move,,1504,288,
1788199720.544566,mouse_move,,1503,288,
1788199720.552621,mouse_move,,1502,287,
1788199720.5605774,mouse_move,,1498,285,
1788199720.5685308,mouse_move,,1497,285,
1788199720.5766373,mouse_move,,1495,284,
1788199720.5931675,mouse_move,,1492,280,
1788199720.6006153,mouse_move,,1491,278,
1788199720.6086068,mouse_move,,1491,276,
1788199720.616583,mouse_move,,1491,274,
1788199720.6245337,mouse_move,,1489,267,
1788199720.6325622,mouse_move,,1488,263,
1788199720.6405172,mouse_move,,1488,259,
1788199720.6485684,mouse_move,,1488,254,
1788199720.6564288,mouse_move,,1488,246,
1788199720.6645985,mouse_move,,1488,244,
1788199720.6724672,mouse_move,,1488,236,
1788199720.6805282,mouse_move,,1488,230,
1788199720.6884568,mouse_move,,1488,224,
1788199720.6965702,mouse_move,,1488,218,
1788199720.7044625,mouse_move,,1488,214,
1788199720.7124438,mouse_move,,1488,208,
1788199720.7205453,mouse_move,,1488,203,
1788199720.7285097,mouse_move,,1488,201,
1788199720.736498,mouse_move,,1488,195,
1788199720.7445624,mouse_move,,1488,192,
1788199720.752535,mouse_move,,1488,188,
1788199720.76052,mouse_move,,1488,186,
1788199720.76846,mouse_move,,1488,181,
1788199720.7765446,mouse_move,,1488,179,
1788199720.7845645,mouse_move,,1488,173,
1788199720.7925549,mouse_move,,1491,170,
1788199720.8007236,mouse_move,,1491,167,
1788199720.80853,mouse_move,,1491,165,
1788199720.8164637,mouse_move,,1491,162,
1788199720.8244405,mouse_move,,1491,159,
1788199720.832605,mouse_move,,1491,158,
1788199720.8405395,mouse_move,,1491,156,
1788199720.8485842,mouse_move,,1491,155,
1788199720.856459,mouse_move,,1491,154,
1788199720.8726203,mouse_move,,1492,153,
1788199720.904618,mouse_move,,1492,149,
1788199720.912524,mouse_move,,1493,148,
1788199720.920632,mouse_move,,1494,146,
1788199720.9286046,mouse_move,,1494,144,
1788199720.9364917,mouse_move,,1494,141,
1788199720.9446225,mouse_move,,1494,140,
1788199720.9526749,mouse_move,,1494,138,
1788199720.960619,mouse_move,,1494,137,
1788199720.9685047,mouse_move,,1494,136,
1788199721.201035,mouse_click,down,1494,136,Button.left
1788199721.2731714,mouse_click,up,1494,136,Button.left
1788199721.3125422,mouse_move,,1495,134,
1788199721.3205056,mouse_move,,1497,133,
1788199721.3285587,mouse_move,,1497,132,
1788199721.3446772,mouse_move,,1498,130,
1788199721.392767,mouse_move,,1498,129,
1788199721.424611,mouse_move,,1498,125,
1788199721.4406047,mouse_move,,1498,124,
1788199721.448573,mouse_move,,1498,122,
1788199721.4564643,mouse_move,,1498,120,
1788199721.464581,mouse_move,,1498,117,
1788199721.4726255,mouse_move,,1498,113,
1788199721.4805655,mouse_move,,1499,110,
1788199721.4966626,mouse_move,,1499,106,
1788199721.5125308,mouse_move,,1499,102,
1788199721.520594,mouse_move,,1499,99,
1788199721.528547,mouse_move,,1499,98,
1788199721.5446277,mouse_move,,1499,97,
1788199721.5526202,mouse_move,,1499,96,
1788199721.6567097,mouse_click,down,1499,96,Button.left
1788199721.7527313,mouse_click,up,1499,96,Button.left
1788199721.8966355,mouse_move,,1499,96,
1788199721.9046357,mouse_move,,1499,100,
1788199721.9126954,mouse_move,,1499,106,
1788199721.92048,mouse_move,,1499,116,
1788199721.9285092,mouse_move,,1499,124,
1788199721.936515,mouse_move,,1499,140,
1788199721.944741,mouse_move,,1499,154,
1788199721.9526117,mouse_move,,1499,172,
1788199721.9607167,mouse_move,,1499,194,
1788199721.9685001,mouse_move,,1499,215,
1788199721.9765544,mouse_move,,1499,236,
1788199721.9846785,mouse_move,,1506,258,
1788199721.9925706,mouse_move,,1510,282,
1788199722.000841,mouse_move,,1510,304,
1788199722.0085237,mouse_move,,1519,328,
1788199722.0165792,mouse_move,,1528,348,
1788199722.0245097,mouse_move,,1532,369,
1788199722.0325978,mouse_move,,1538,386,
1788199722.0406022,mouse_move,,1549,406,
1788199722.0485718,mouse_move,,1560,425,
1788199722.0566046,mouse_move,,1564,440,
1788199722.0645711,mouse_move,,1575,454,
1788199722.0726333,mouse_move,,1586,471,
1788199722.080509,mouse_move,,1591,483,
1788199722.0886304,mouse_move,,1604,498,
1788199722.0966148,mouse_move,,1614,510,
1788199722.1046169,mouse_move,,1622,522,
1788199722.1125078,mouse_move,,1633,535,
1788199722.1205432,mouse_move,,1647,545,
1788199722.128603,mouse_move,,1652,550,
1788199722.1365647,mouse_move,,1659,555,
1788199722.1446028,mouse_move,,1664,560,
1788199722.1526206,mouse_move,,1666,561,
1788199722.1605806,mouse_move,,1669,562,
1788199722.1685004,mouse_move,,1670,563,
1788199722.1848164,mouse_move,,1674,565,
1788199722.2005644,mouse_move,,1675,566,
1788199722.2167394,mouse_move,,1678,566,
1788199722.232661,mouse_move,,1679,566,
1788199722.2405884,mouse_move,,1680,566,
1788199722.2565143,mouse_move,,1681,566,
1788199722.2646034,mouse_move,,1682,564,
1788199722.2725701,mouse_move,,1685,564,
1788199722.296461,mouse_move,,1686,564,
1788199722.352594,mouse_move,,1687,564,
1788199722.4165754,mouse_move,,1688,564,
1788199722.4651737,mouse_move,,1691,566,
1788199722.5045753,mouse_move,,1692,566,
1788199722.5124996,mouse_move,,1693,566,
1788199722.5209181,mouse_move,,1694,567,
1788199722.5285857,mouse_move,,1698,567,
1788199722.536528,mouse_move,,1699,568,
1788199722.5447261,mouse_move,,1700,568,
1788199722.560611,mouse_move,,1703,568,
1788199722.576799,mouse_move,,1704,568,
1788199722.5926597,mouse_move,,1705,568,
1788199722.6005387,mouse_move,,1706,568,
1788199722.6085975,mouse_move,,1710,568,
1788199722.6165302,mouse_move,,1721,556,
1788199722.6245608,mouse_move,,1731,544,
1788199722.6325972,mouse_move,,1744,527,
1788199722.6406066,mouse_move,,1766,503,
1788199722.648565,mouse_move,,1781,483,
1788199722.6564808,mouse_move,,1804,452,
1788199722.6645913,mouse_move,,1820,430,
1788199722.6725883,mouse_move,,1836,407,
1788199722.680557,mouse_move,,1852,381,
1788199722.688609,mouse_move,,1863,356,
1788199722.696548,mouse_move,,1870,335,
1788199722.704556,mouse_move,,1876,315,
1788199722.7125187,mouse_move,,1878,304,
1788199722.7206786,mouse_move,,1878,288,
1788199722.728617,mouse_move,,1878,277,
1788199722.7365456,mouse_move,,1878,264,
1788199722.744609,mouse_move,,1878,250,
1788199722.7526188,mouse_move,,1878,242,
1788199722.7606359,mouse_move,,1876,230,
1788199722.7684667,mouse_move,,1874,219,
1788199722.77661,mouse_move,,1868,210,
1788199722.7846248,mouse_move,,1867,204,
1788199722.7925787,mouse_move,,1862,197,
1788199722.8005233,mouse_move,,1858,188,
1788199722.808714,mouse_move,,1853,181,
1788199722.8166223,mouse_move,,1850,176,
1788199722.8244855,mouse_move,,1847,170,
1788199722.8324509,mouse_move,,1842,167,
1788199722.8406217,mouse_move,,1837,162,
1788199722.8485494,mouse_move,,1835,161,
1788199722.8564632,mouse_move,,1830,158,
1788199722.8645456,mouse_move,,1827,155,
1788199722.8725762,mouse_move,,1826,154,
1788199722.8804736,mouse_move,,1824,153,
1788199722.8885841,mouse_move,,1821,150,
1788199722.904562,mouse_move,,1820,149,
1788199722.912493,mouse_move,,1817,147,
1788199722.920522,mouse_move,,1816,146,
1788199722.9285815,mouse_move,,1812,144,
1788199722.9364786,mouse_move,,1811,143,
1788199722.9445367,mouse_move,,1808,140,
1788199722.9525642,mouse_move,,1805,135,
1788199722.9604962,mouse_move,,1803,134,
1788199722.9684815,mouse_move,,1800,130,
1788199722.9765885,mouse_move,,1800,128,
1788199722.984598,mouse_move,,1798,126,
1788199722.9925263,mouse_move,,1796,123,
1788199723.0648365,mouse_move,,1796,121,
1788199723.0730395,mouse_move,,1796,118,
1788199723.0805054,mouse_move,,1796,117,
1788199723.0886793,mouse_move,,1794,114,
1788199723.0965505,mouse_move,,1794,112,
1788199723.1045477,mouse_move,,1793,111,
1788199723.1774569,mouse_click,down,1793,111,Button.left
1788199723.2570171,mouse_move,,1793,110,
1788199723.2646904,mouse_click,up,1793,110,Button.left
1788199723.3448088,mouse_move,,1793,110,
1788199723.352721,mouse_move,,1793,112,
1788199723.3606477,mouse_move,,1793,120,
1788199723.368563,mouse_move,,1790,129,
1788199723.3765852,mouse_move,,1790,137,
1788199723.3845377,mouse_move,,1790,156,
1788199723.3925838,mouse_move,,1790,175,
1788199723.400725,mouse_move,,1790,196,
1788199723.40853,mouse_move,,1790,220,
1788199723.4165323,mouse_move,,1791,244,
1788199723.4245465,mouse_move,,1793,263,
1788199723.4325182,mouse_move,,1800,293,
1788199723.440586,mouse_move,,1804,320,
1788199723.448637,mouse_move,,1813,342,
1788199723.4565318,mouse_move,,1824,365,
1788199723.4645374,mouse_move,,1833,387,
1788199723.4725509,mouse_move,,1844,404,
1788199723.4805312,mouse_move,,1848,420,
1788199723.4885423,mouse_move,,1850,437,
1788199723.4965808,mouse_move,,1856,448,
1788199723.5045676,mouse_move,,1864,463,
1788199723.5125458,mouse_move,,1868,472,
1788199723.5205903,mouse_move,,1869,478,
1788199723.5286026,mouse_move,,1873,487,
1788199723.536523,mouse_move,,1875,496,
1788199723.5446324,mouse_move,,1876,502,
1788199723.5525901,mouse_move,,1878,506,
1788199723.5606127,mouse_move,,1881,511,
1788199723.6413152,mouse_move,,1883,511,
1788199723.6646466,mouse_move,,1886,511,
1788199723.6727376,mouse_move,,1889,509,
1788199723.8246279,mouse_move,,1890,508,
1788199723.8329248,mouse_move,,1891,507,
1788199723.8406703,mouse_move,,1892,507,
1788199723.8565269,mouse_move,,1893,507,
1788199723.8645692,mouse_move,,1894,507,
1788199723.8726504,mouse_move,,1896,507,
1788199723.880496,mouse_move,,1898,507,
1788199723.8885462,mouse_move,,1901,507,
1788199723.896657,mouse_move,,1902,507,
1788199723.904586,mouse_move,,1904,508,
1788199723.9125037,mouse_move,,1905,508,
1788199723.920519,mouse_move,,1908,508,
1788199723.9285202,mouse_move,,1910,508,
1788199723.936481,mouse_move,,1912,508,
1788199723.9445813,mouse_move,,1913,508,
1788199723.9525387,mouse_move,,1914,508,
1788199723.9685202,mouse_move,,1916,508,
1788199724.0008094,mouse_move,,1919,508,
1788199724.104531,mouse_move,,1920,508,
1788199724.241074,mouse_move,,1920,509,
1788199724.2485847,mouse_move,,1920,510,
1788199724.2565298,mouse_move,,1920,516,
1788199724.2645645,mouse_move,,1920,520,
1788199724.2725477,mouse_move,,1920,524,
1788199724.2805266,mouse_move,,1920,530,
1788199724.2885046,mouse_move,,1920,538,
1788199724.2972305,mouse_move,,1920,542,
1788199724.3045113,mouse_move,,1920,550,
1788199724.3124459,mouse_move,,1920,555,
1788199724.3205013,mouse_move,,1920,561,
1788199724.328685,mouse_move,,1920,565,
1788199724.3364851,mouse_move,,1920,569,
1788199724.3445418,mouse_move,,1920,575,
1788199724.3526015,mouse_move,,1920,579,
1788199724.3606093,mouse_move,,1920,584,
1788199724.368465,mouse_move,,1920,588,
1788199724.376566,mouse_move,,1918,594,
1788199724.3845828,mouse_move,,1916,599,
1788199724.3925586,mouse_move,,1916,605,
1788199724.4004872,mouse_move,,1915,613,
1788199724.4086041,mouse_move,,1911,622,
1788199724.416538,mouse_move,,1907,627,
1788199724.4245656,mouse_move,,1901,634,
1788199724.4324863,mouse_move,,1897,638,
1788199724.4405863,mouse_move,,1887,644,
1788199724.4485013,mouse_move,,1883,647,
1788199724.456426,mouse_move,,1872,650,
1788199724.4644709,mouse_move,,1856,655,
1788199724.47259,mouse_move,,1849,658,
1788199724.4805534,mouse_move,,1835,662,
1788199724.4885051,mouse_move,,1823,668,
1788199724.496523,mouse_move,,1807,670,
1788199724.504574,mouse_move,,1788,678,
1788199724.5124607,mouse_move,,1769,681,
1788199724.5205355,mouse_move,,1749,685,
1788199724.5285683,mouse_move,,1733,689,
1788199724.5364578,mouse_move,,1709,691,
1788199724.544609,mouse_move,,1682,696,
1788199724.5525603,mouse_move,,1655,698,
1788199724.5605087,mouse_move,,1626,698,
1788199724.5684688,mouse_move,,1600,698,
1788199724.5766509,mouse_move,,1576,700,
1788199724.584633,mouse_move,,1547,702,
1788199724.5925965,mouse_move,,1522,707,
1788199724.6004903,mouse_move,,1501,709,
1788199724.6086838,mouse_move,,1477,711,
1788199724.6165798,mouse_move,,1455,713,
1788199724.6245546,mouse_move,,1428,720,
1788199724.632594,mouse_move,,1402,722,
1788199724.6406279,mouse_move,,1380,724,
1788199724.6485918,mouse_move,,1356,729,
1788199724.6564648,mouse_move,,1329,733,
1788199724.6644282,mouse_move,,1303,735,
1788199724.6726193,mouse_move,,1272,742,
1788199724.6805031,mouse_move,,1245,745,
1788199724.6885707,mouse_move,,1219,747,
1788199724.6965485,mouse_move,,1189,752,
1788199724.7045624,mouse_move,,1165,752,
1788199724.7124393,mouse_move,,1141,752,
1788199724.7205918,mouse_move,,1120,752,
1788199724.7285814,mouse_move,,1098,752,
1788199724.73658,mouse_move,,1074,752,
1788199724.744536,mouse_move,,1053,752,
1788199724.7526248,mouse_move,,1035,752,
1788199724.7605321,mouse_move,,1013,748,
1788199724.7685142,mouse_move,,988,739,
1788199724.7765915,mouse_move,,958,732,
1788199724.7846518,mouse_move,,933,725,
1788199724.7925231,mouse_move,,905,716,
1788199724.8005724,mouse_move,,879,712,
1788199724.8085837,mouse_move,,854,703,
1788199724.8165603,mouse_move,,826,694,
1788199724.8245041,mouse_move,,802,689,
1788199724.832549,mouse_move,,777,680,
1788199724.8404732,mouse_move,,756,674,
1788199724.848515,mouse_move,,739,670,
1788199724.8564663,mouse_move,,717,663,
1788199724.8645926,mouse_move,,701,661,
1788199724.8725617,mouse_move,,682,659,
1788199724.8805025,mouse_move,,663,652,
1788199724.888773,mouse_move,,649,648,
1788199724.8966005,mouse_move,,629,644,
1788199724.9045432,mouse_move,,618,640,
1788199724.9125044,mouse_move,,604,636,
1788199724.9205487,mouse_move,,589,628,
1788199724.9286594,mouse_move,,578,626,
1788199724.936507,mouse_move,,569,623,
1788199724.9445632,mouse_move,,560,621,
1788199724.9525168,mouse_move,,547,619,
1788199724.960511,mouse_move,,542,617,
1788199724.9685552,mouse_move,,534,614,
1788199724.9765701,mouse_move,,525,610,
1788199724.9845622,mouse_move,,516,609,
1788199724.9925466,mouse_move,,507,605,
1788199725.000714,mouse_move,,496,603,
1788199725.0085585,mouse_move,,484,599,
1788199725.0164967,mouse_move,,468,593,
1788199725.0244863,mouse_move,,453,589,
1788199725.0326254,mouse_move,,439,583,
1788199725.0405738,mouse_move,,422,574,
1788199725.0485017,mouse_move,,411,571,
1788199725.0566318,mouse_move,,399,565,
1788199725.0644882,mouse_move,,387,559,
1788199725.0725446,mouse_move,,375,553,
1788199725.0805657,mouse_move,,369,550,
1788199725.0885162,mouse_move,,357,541,
1788199725.0966153,mouse_move,,350,536,
1788199725.104519,mouse_move,,342,529,
1788199725.11282,mouse_move,,333,519,
1788199725.1205583,mouse_move,,329,513,
1788199725.1285772,mouse_move,,321,501,
1788199725.1365893,mouse_move,,316,494,
1788199725.144477,mouse_move,,312,482,
1788199725.1526074,mouse_move,,307,475,
1788199725.1605449,mouse_move,,305,469,
1788199725.1685193,mouse_move,,304,463,
1788199725.1764777,mouse_move,,304,455,
1788199725.1845407,mouse_move,,302,448,
1788199725.1925297,mouse_move,,302,440,
1788199725.2005143,mouse_move,,302,438,
1788199725.2086093,mouse_move,,302,432,
1788199725.216582,mouse_move,,307,423,
1788199725.2245393,mouse_move,,309,420,
1788199725.23255,mouse_move,,318,417,
1788199725.24056,mouse_move,,321,414,
1788199725.248592,mouse_move,,325,409,
1788199725.2565842,mouse_move,,328,406,
1788199725.2646055,mouse_move,,329,405,
1788199725.2726426,mouse_move,,330,404,
1788199725.280505,mouse_move,,332,403,
1788199725.2885933,mouse_move,,332,402,
1788199725.2966263,mouse_move,,333,401,
1788199725.3045747,mouse_move,,335,398,
1788199725.3205566,mouse_move,,336,397,
1788199725.4407032,mouse_click,down,336,397,Button.left
1788199725.536822,mouse_click,up,336,397,Button.left
1788199725.67297,mouse_move,,342,400,
1788199725.680498,mouse_move,,352,408,
1788199725.688523,mouse_move,,366,416,
1788199725.6966164,mouse_move,,388,427,
1788199725.7045238,mouse_move,,405,432,
1788199725.712536,mouse_move,,436,439,
1788199725.72053,mouse_move,,495,452,
1788199725.7286057,mouse_move,,555,455,
1788199725.7364879,mouse_move,,649,462,
1788199725.744589,mouse_move,,725,462,
1788199725.7524834,mouse_move,,807,462,
1788199725.7604735,mouse_move,,899,462,
1788199725.7684572,mouse_move,,996,462,
1788199725.776492,mouse_move,,1094,462,
1788199725.7845278,mouse_move,,1202,462,
1788199725.7925756,mouse_move,,1294,462,
1788199725.8006842,mouse_move,,1391,462,
1788199725.8086116,mouse_move,,1478,462,
1788199725.8165627,mouse_move,,1560,462,
1788199725.8244796,mouse_move,,1636,462,
1788199725.8325179,mouse_move,,1706,462,
1788199725.840591,mouse_move,,1755,462,
1788199725.8484948,mouse_move,,1799,462,
1788199725.8565733,mouse_move,,1848,462,
1788199725.8646283,mouse_move,,1903,462,
1788199725.8725278,mouse_move,,1936,462,
1788199725.880497,mouse_move,,1965,462,
1788199725.888629,mouse_move,,1994,462,
1788199725.8965604,mouse_move,,2018,462,
1788199725.9045515,mouse_move,,2039,462,
1788199725.912472,mouse_move,,2058,462,
1788199725.9206233,mouse_move,,2071,462,
1788199725.9286106,mouse_move,,2079,462,
1788199725.9364805,mouse_move,,2087,462,
1788199725.9446003,mouse_move,,2089,462,
1788199725.9526014,mouse_move,,2091,462,
1788199725.9685209,mouse_move,,2092,462,
1788199726.0972402,mouse_click,down,2092,462,Button.left
1788199726.2567708,mouse_click,up,2092,462,Button.left
1788199726.3846717,mouse_move,,2093,464,
1788199726.3925443,mouse_move,,2093,465,
1788199726.4006011,mouse_move,,2094,466,
1788199726.4085593,mouse_move,,2098,468,
1788199726.4165525,mouse_move,,2107,474,
1788199726.4244845,mouse_move,,2119,482,
1788199726.4326122,mouse_move,,2128,487,
1788199726.440625,mouse_move,,2146,498,
1788199726.4485638,mouse_move,,2168,507,
1788199726.4564662,mouse_move,,2187,518,
1788199726.46458,mouse_move,,2204,526,
1788199726.4726079,mouse_move,,2226,531,
1788199726.4804978,mouse_move,,2248,539,
1788199726.4886823,mouse_move,,2270,544,
1788199726.4966419,mouse_move,,2284,550,
1788199726.5045545,mouse_move,,2300,552,
1788199726.512487,mouse_move,,2317,558,
1788199726.5205808,mouse_move,,2331,560,
1788199726.5285897,mouse_move,,2347,562,
1788199726.5364954,mouse_move,,2362,568,
1788199726.5447967,mouse_move,,2378,570,
1788199726.5526726,mouse_move,,2397,573,
1788199726.5605571,mouse_move,,2416,577,
1788199726.5685227,mouse_move,,2437,579,
1788199726.5764952,mouse_move,,2456,581,
1788199726.5845153,mouse_move,,2470,583,
1788199726.592536,mouse_move,,2483,583,
1788199726.6004791,mouse_move,,2490,586,
1788199726.608605,mouse_move,,2494,588,
1788199726.6648116,mouse_move,,2497,588,
1788199726.672634,mouse_move,,2498,589,
1788199726.7211664,mouse_move,,2499,590,
1788199726.7370384,mouse_move,,2499,591,
1788199726.7686286,mouse_move,,2499,592,
1788199726.7765498,mouse_move,,2500,593,
1788199726.7926753,mouse_move,,2502,595,
1788199726.8004909,mouse_move,,2503,595,
1788199726.808518,mouse_move,,2504,596,
1788199726.8165653,mouse_move,,2505,598,
1788199726.9206448,mouse_move,,2506,599,
1788199727.5845466,mouse_move,,2503,599,
1788199727.6005669,mouse_move,,2502,600,
1788199727.6084783,mouse_move,,2498,600,
1788199727.616557,mouse_move,,2492,600,
1788199727.6245215,mouse_move,,2490,602,
1788199727.6324818,mouse_move,,2484,603,
1788199727.6405065,mouse_move,,2482,605,
1788199727.648513,mouse_move,,2481,605,
1788199727.6565018,mouse_move,,2479,605,
1788199727.7045705,mouse_move,,2478,605,
1788199727.7205868,mouse_move,,2477,605,
1788199727.7365956,mouse_move,,2475,605,
1788199727.8405952,mouse_move,,2473,605,
1788199727.9445662,mouse_move,,2472,605,
1788199727.9525044,mouse_move,,2471,605,
1788199727.9605315,mouse_move,,2470,605,
1788199727.9685106,mouse_move,,2466,605,
1788199727.976513,mouse_move,,2460,605,
1788199727.984531,mouse_move,,2455,606,
1788199727.9924765,mouse_move,,2441,610,
1788199728.0004814,mouse_move,,2429,616,
1788199728.00849,mouse_move,,2418,617,
1788199728.0164888,mouse_move,,2401,624,
1788199728.024498,mouse_move,,2387,626,
1788199728.0324652,mouse_move,,2365,632,
1788199728.0404963,mouse_move,,2346,639,
1788199728.048494,mouse_move,,2327,645,
1788199728.056512,mouse_move,,2312,651,
1788199728.0644922,mouse_move,,2296,655,
1788199728.072552,mouse_move,,2282,659,
1788199728.0805302,mouse_move,,2268,661,
1788199728.0885084,mouse_move,,2261,669,
1788199728.0965173,mouse_move,,2247,671,
1788199728.1045117,mouse_move,,2233,677,
1788199728.1124947,mouse_move,,2219,679,
1788199728.1206584,mouse_move,,2205,681,
1788199728.128636,mouse_move,,2194,681,
1788199728.1365128,mouse_move,,2188,684,
1788199728.1445978,mouse_move,,2179,684,
1788199728.1524913,mouse_move,,2173,685,
1788199728.160558,mouse_move,,2172,685,
1788199728.168515,mouse_move,,2171,685,
1788199728.1765783,mouse_move,,2167,687,
1788199728.19269,mouse_move,,2166,688,
1788199728.2092342,mouse_move,,2162,691,
1788199728.2247434,mouse_move,,2161,692,
1788199728.232553,mouse_move,,2160,692,
1788199728.240602,mouse_move,,2157,693,
1788199728.2565374,mouse_move,,2156,693,
1788199728.336636,mouse_move,,2155,693,
1788199728.3527205,mouse_move,,2154,693,
1788199728.3685534,mouse_move,,2153,694,
1788199728.8165822,mouse_move,,2150,694,
1788199728.8245382,mouse_move,,2147,697,
1788199729.3049526,mouse_move,,2146,698,
1788199729.3368437,mouse_move,,2146,699,
1788199729.368668,mouse_move,,2147,700,
1788199729.3766294,mouse_move,,2146,704,
1788199729.3845406,mouse_move,,2145,705,
1788199729.3924925,mouse_move,,2139,710,
1788199729.4004812,mouse_move,,2134,713,
1788199729.4085822,mouse_move,,2128,719,
1788199729.416498,mouse_move,,2120,727,
1788199729.4244928,mouse_move,,2108,737,
1788199729.4325292,mouse_move,,2096,743,
1788199729.440576,mouse_move,,2077,754,
1788199729.4485366,mouse_move,,2054,770,
1788199729.45645,mouse_move,,2032,781,
1788199729.4645784,mouse_move,,2010,792,
1788199729.4726114,mouse_move,,1981,804,
1788199729.48057,mouse_move,,1957,810,
1788199729.488543,mouse_move,,1929,822,
1788199729.4966075,mouse_move,,1899,834,
1788199729.5045838,mouse_move,,1877,843,
1788199729.5124576,mouse_move,,1858,852,
1788199729.5211627,mouse_move,,1833,861,
1788199729.5285966,mouse_move,,1811,865,
1788199729.5370352,mouse_move,,1784,874,
1788199729.5446737,mouse_move,,1762,879,
1788199729.552584,mouse_move,,1734,888,
1788199729.5605745,mouse_move,,1701,898,
1788199729.5684571,mouse_move,,1670,903,
1788199729.5765896,mouse_move,,1638,910,
1788199729.584893,mouse_move,,1593,913,
1788199729.5926034,mouse_move,,1548,916,
1788199729.6006396,mouse_move,,1494,916,
1788199729.6085591,mouse_move,,1423,916,
1788199729.6165142,mouse_move,,1352,916,
1788199729.6244926,mouse_move,,1276,916,
1788199729.6325812,mouse_move,,1190,916,
1788199729.6405509,mouse_move,,1108,916,
1788199729.6485152,mouse_move,,1032,916,
1788199729.6564631,mouse_move,,946,916,
1788199729.664616,mouse_move,,870,916,
1788199729.6726127,mouse_move,,794,916,
1788199729.680573,mouse_move,,739,916,
1788199729.6885974,mouse_move,,676,907,
1788199729.6965625,mouse_move,,619,901,
1788199729.704514,mouse_move,,584,896,
1788199729.7125726,mouse_move,,553,891,
1788199729.7206326,mouse_move,,517,886,
1788199729.728499,mouse_move,,493,881,
1788199729.736491,mouse_move,,471,879,
1788199729.74449,mouse_move,,447,877,
1788199729.7524827,mouse_move,,428,868,
1788199729.7604883,mouse_move,,409,864,
1788199729.7685497,mouse_move,,389,858,
1788199729.7765794,mouse_move,,373,851,
1788199729.7845464,mouse_move,,358,845,
1788199729.7925298,mouse_move,,344,837,
1788199729.8006005,mouse_move,,325,830,
1788199729.8085513,mouse_move,,318,825,
1788199729.8165023,mouse_move,,308,815,
1788199729.824595,mouse_move,,298,806,
1788199729.8326175,mouse_move,,293,799,
1788199729.8405743,mouse_move,,284,782,
1788199729.8485115,mouse_move,,278,770,
1788199729.8568373,mouse_move,,276,756,
1788199729.8646913,mouse_move,,272,737,
1788199729.8725333,mouse_move,,268,715,
1788199729.8805704,mouse_move,,266,699,
1788199729.888698,mouse_move,,266,683,
1788199729.89667,mouse_move,,264,661,
1788199729.904513,mouse_move,,264,640,
1788199729.9125547,mouse_move,,264,614,
1788199729.920637,mouse_move,,264,590,
1788199729.9285285,mouse_move,,264,571,
1788199729.9365134,mouse_move,,267,550,
1788199729.9446144,mouse_move,,271,538,
1788199729.9526312,mouse_move,,273,524,
1788199729.9605517,mouse_move,,279,510,
1788199729.9685152,mouse_move,,281,499,
1788199729.9764934,mouse_move,,287,484,
1788199729.984585,mouse_move,,287,474,
1788199729.9925785,mouse_move,,289,462,
1788199730.0005276,mouse_move,,291,451,
1788199730.0085843,mouse_move,,292,440,
1788199730.0166228,mouse_move,,298,431,
1788199730.024512,mouse_move,,306,419,
1788199730.032544,mouse_move,,310,409,
1788199730.0405655,mouse_move,,318,395,
1788199730.048568,mouse_move,,328,383,
1788199730.0565937,mouse_move,,332,369,
1788199730.064563,mouse_move,,341,352,
1788199730.072531,mouse_move,,347,340,
1788199730.0804965,mouse_move,,353,323,
1788199730.0886128,mouse_move,,359,309,
1788199730.0965924,mouse_move,,361,298,
1788199730.1045163,mouse_move,,362,291,
1788199730.112514,mouse_move,,366,280,
1788199730.120576,mouse_move,,366,276,
1788199730.1285567,mouse_move,,366,273,
1788199730.136503,mouse_move,,366,269,
1788199730.1446443,mouse_move,,368,264,
1788199730.1525486,mouse_move,,368,263,
1788199730.1685295,mouse_move,,368,262,
1788199730.1766167,mouse_move,,368,261,
1788199730.1925087,mouse_move,,368,259,
1788199730.2006078,mouse_move,,368,257,
1788199730.2085812,mouse_move,,367,255,
1788199730.2165644,mouse_move,,366,251,
1788199730.2245107,mouse_move,,366,249,
1788199730.2325387,mouse_move,,366,248,
1788199730.24057,mouse_move,,365,246,
1788199730.2485619,mouse_move,,363,243,
1788199730.2565494,mouse_move,,362,242,
1788199730.26453,mouse_move,,361,241,
1788199730.2725878,mouse_move,,360,240,
1788199730.2886791,mouse_move,,356,240,
1788199730.2966065,mouse_move,,355,240,
1788199730.304638,mouse_move,,354,240,
1788199730.3205633,mouse_move,,350,240,
1788199730.3285742,mouse_move,,349,240,
1788199730.3445902,mouse_move,,346,240,
1788199730.352596,mouse_move,,342,240,
1788199730.3605225,mouse_move,,338,240,
1788199730.3685427,mouse_move,,333,243,
1788199730.3766437,mouse_move,,329,245,
1788199730.3846295,mouse_move,,328,246,
1788199730.3925297,mouse_move,,325,247,
1788199730.400572,mouse_move,,323,247,
1788199730.408576,mouse_move,,322,247,
1788199730.4165435,mouse_move,,320,248,
1788199730.6172209,mouse_click,down,320,248,Button.left
1788199730.7535605,mouse_click,up,320,248,Button.left
1788199730.881043,mouse_move,,320,249,
1788199730.888873,mouse_move,,319,250,
1788199731.1527476,mouse_move,,318,250,
1788199731.1605997,mouse_move,,318,241,
1788199731.1685085,mouse_move,,318,237,
1788199731.1765733,mouse_move,,318,233,
1788199731.1844847,mouse_move,,315,224,
1788199731.192564,mouse_move,,313,218,
1788199731.20052,mouse_move,,311,210,
1788199731.2085948,mouse_move,,311,208,
1788199731.2165542,mouse_move,,311,205,
1788199731.2245653,mouse_move,,311,202,
1788199731.232607,mouse_move,,310,199,
1788199731.2406466,mouse_move,,310,198,
1788199731.2485576,mouse_move,,309,196,
1788199731.256437,mouse_move,,308,194,
1788199731.2645428,mouse_move,,307,193,
1788199731.2726066,mouse_move,,304,189,
1788199731.288725,mouse_move,,301,187,
1788199731.2965624,mouse_move,,300,184,
1788199731.3045847,mouse_move,,300,183,
1788199731.3124654,mouse_move,,298,180,
1788199731.320561,mouse_move,,297,177,
1788199731.3366418,mouse_move,,294,175,
1788199731.3531723,mouse_move,,293,172,
1788199731.3606167,mouse_move,,292,171,
1788199731.3765712,mouse_move,,291,170,
1788199731.3845654,mouse_move,,290,170,
1788199731.4005668,mouse_move,,288,170,
1788199731.4086199,mouse_move,,287,170,
1788199731.4165614,mouse_move,,286,170,
1788199731.424508,mouse_move,,284,170,
1788199731.4408934,mouse_move,,281,170,
1788199731.4485989,mouse_move,,277,170,
1788199731.4564726,mouse_move,,272,173,
1788199731.4645941,mouse_move,,265,180,
1788199731.4725978,mouse_move,,260,185,
1788199731.4805732,mouse_move,,253,192,
1788199731.4886105,mouse_move,,246,197,
1788199731.4965243,mouse_move,,239,203,
1788199731.5045524,mouse_move,,230,208,
1788199731.51248,mouse_move,,229,209,
1788199731.5206628,mouse_move,,225,212,
1788199731.5286026,mouse_move,,222,215,
1788199731.5365667,mouse_move,,217,218,
1788199731.5444875,mouse_move,,213,222,
1788199731.552696,mouse_move,,210,225,
1788199731.56058,mouse_move,,207,227,
1788199731.5685527,mouse_move,,206,229,
1788199731.5765655,mouse_move,,203,232,
1788199731.5851755,mouse_move,,200,235,
1788199731.592563,mouse_move,,199,240,
1788199731.6005409,mouse_move,,196,242,
1788199731.6085532,mouse_move,,195,245,
1788199731.6165063,mouse_move,,193,248,
1788199731.6245136,mouse_move,,192,249,
1788199731.632551,mouse_move,,191,250,
1788199731.6405196,mouse_move,,190,251,
1788199731.6485188,mouse_move,,187,253,
1788199731.6646502,mouse_move,,183,254,
1788199731.6725461,mouse_move,,182,255,
1788199731.6805348,mouse_move,,181,256,
1788199731.6885514,mouse_move,,177,258,
1788199731.6966016,mouse_move,,174,258,
1788199731.704512,mouse_move,,170,259,
1788199731.7206001,mouse_move,,167,259,
1788199731.7285821,mouse_move,,163,259,
1788199731.7365572,mouse_move,,160,259,
1788199731.7446342,mouse_move,,158,259,
1788199731.7525878,mouse_move,,154,259,
1788199731.7605436,mouse_move,,149,259,
1788199731.768455,mouse_move,,143,259,
1788199731.7766614,mouse_move,,141,259,
1788199731.7846029,mouse_move,,136,259,
1788199731.7925613,mouse_move,,132,259,
1788199731.8004823,mouse_move,,130,259,
1788199731.8086135,mouse_move,,128,259,
1788199731.8166006,mouse_move,,126,259,
1788199731.9125445,mouse_move,,124,259,
1788199731.9206712,mouse_move,,121,262,
1788199731.9607306,mouse_move,,120,263,
1788199732.0891805,mouse_move,,118,263,
1788199732.1933203,mouse_move,,118,264,
1788199732.200453,mouse_move,,118,272,
1788199732.2086115,mouse_move,,118,278,
1788199732.2165313,mouse_move,,118,282,
1788199732.2245042,mouse_move,,118,287,
1788199732.2325923,mouse_move,,119,293,
1788199732.2405317,mouse_move,,119,297,
1788199732.248554,mouse_move,,119,300,
1788199732.256461,mouse_move,,119,301,
1788199732.2645812,mouse_move,,119,305,
1788199732.2725472,mouse_move,,120,306,
1788199732.2887468,mouse_move,,121,307,
1788199732.4729464,mouse_move,,121,307,
1788199732.4810238,mouse_move,,121,306,
1788199732.4890058,mouse_move,,120,303,
1788199732.496565,mouse_move,,119,302,
1788199732.512513,mouse_move,,119,301,
1788199732.6250622,mouse_move,,119,300,
1788199732.6652038,mouse_click,down,119,300,Button.left
1788199732.7455392,mouse_click,up,119,300,Button.left
1788199732.7525473,mouse_move,,118,299,
1788199732.7925992,mouse_move,,116,299,
1788199732.808635,mouse_move,,116,300,
1788199732.8165548,mouse_move,,116,301,
1788199732.8246925,mouse_move,,116,303,
1788199732.832733,mouse_move,,116,305,
1788199732.8406084,mouse_move,,116,306,
1788199732.8485224,mouse_move,,116,307,
1788199732.8564594,mouse_move,,116,309,
1788199732.864551,mouse_move,,117,312,
1788199732.87258,mouse_move,,118,313,
1788199732.8804822,mouse_move,,118,316,
1788199732.8885293,mouse_move,,118,318,
1788199732.8965821,mouse_move,,119,324,
1788199732.9045513,mouse_move,,122,329,
1788199732.9125085,mouse_move,,124,332,
1788199732.9205468,mouse_move,,125,334,
1788199732.9285505,mouse_move,,130,341,
1788199732.9445357,mouse_move,,131,344,
1788199732.9526274,mouse_move,,133,345,
1788199733.1448085,mouse_move,,133,346,
1788199733.2252817,mouse_move,,133,346,
1788199733.2331972,mouse_move,,133,345,
1788199733.2486327,mouse_move,,133,342,
1788199733.2652142,mouse_move,,132,341,
1788199733.27271,mouse_move,,131,340,
1788199733.3047037,mouse_move,,129,339,
1788199733.3366861,mouse_move,,124,337,
1788199733.3530324,mouse_move,,124,336,
1788199733.368619,mouse_move,,123,335,
1788199733.44138,mouse_move,,122,334,
1788199733.473132,mouse_move,,120,334,
1788199733.5051625,mouse_move,,117,332,
1788199733.6247401,mouse_click,down,117,332,Button.left
1788199733.7130024,mouse_click,up,117,332,Button.left
1788199733.9050062,mouse_move,,117,333,
1788199733.9126008,mouse_move,,117,335,
1788199733.920597,mouse_move,,117,336,
1788199733.928565,mouse_move,,117,341,
1788199733.9365523,mouse_move,,117,346,
1788199733.944624,mouse_move,,117,348,
1788199733.9526577,mouse_move,,117,354,
1788199733.9605339,mouse_move,,117,360,
1788199733.96851,mouse_move,,117,368,
1788199733.976599,mouse_move,,117,374,
1788199733.9845889,mouse_move,,117,382,
1788199733.992577,mouse_move,,117,388,
1788199734.0004234,mouse_move,,117,398,
1788199734.0085268,mouse_move,,117,404,
1788199734.0165257,mouse_move,,117,410,
1788199734.0245314,mouse_move,,117,416,
1788199734.0325322,mouse_move,,117,422,
1788199734.0405328,mouse_move,,118,428,
1788199734.048462,mouse_move,,118,432,
1788199734.0565202,mouse_move,,118,437,
1788199734.0645769,mouse_move,,119,440,
1788199734.0726025,mouse_move,,119,445,
1788199734.0805323,mouse_move,,119,448,
1788199734.0885932,mouse_move,,120,452,
1788199734.09659,mouse_move,,120,458,
1788199734.104531,mouse_move,,122,463,
1788199734.1124487,mouse_move,,122,469,
1788199734.1205356,mouse_move,,125,475,
1788199734.1285756,mouse_move,,127,481,
1788199734.1365392,mouse_move,,128,486,
1788199734.144572,mouse_move,,130,492,
1788199734.1525643,mouse_move,,130,496,
1788199734.1604934,mouse_move,,131,501,
1788199734.1685,mouse_move,,132,502,
1788199734.2649846,mouse_move,,132,497,
1788199734.2725856,mouse_move,,132,485,
1788199734.2805548,mouse_move,,132,477,
1788199734.288571,mouse_move,,132,471,
1788199734.2965603,mouse_move,,132,467,
1788199734.3045347,mouse_move,,132,460,
1788199734.3124554,mouse_move,,130,458,
1788199734.3205633,mouse_move,,130,457,
1788199734.328618,mouse_move,,130,453,
1788199734.336462,mouse_move,,129,450,
1788199734.344603,mouse_move,,129,447,
1788199734.3524535,mouse_move,,126,445,
1788199734.3605363,mouse_move,,125,444,
1788199734.3767674,mouse_move,,125,441,
1788199734.3844998,mouse_move,,123,437,
1788199734.4005194,mouse_move,,123,434,
1788199734.4086118,mouse_move,,123,433,
1788199734.4164968,mouse_move,,122,430,
1788199734.4244764,mouse_move,,122,428,
1788199734.4325361,mouse_move,,122,425,
1788199734.4405978,mouse_move,,122,423,
1788199734.4485173,mouse_move,,119,418,
1788199734.4565103,mouse_move,,118,417,
1788199734.4727645,mouse_move,,118,415,
1788199734.488758,mouse_move,,118,414,
1788199734.5291708,mouse_move,,117,411,
1788199734.5850203,mouse_move,,116,410,
1788199734.5933719,mouse_move,,116,409,
1788199734.600805,mouse_move,,114,406,
1788199734.6084578,mouse_move,,113,405,
1788199734.6246042,mouse_move,,113,403,
1788199734.6326115,mouse_move,,113,402,
1788199734.6406112,mouse_move,,113,399,
1788199734.6484735,mouse_move,,113,395,
1788199734.6564813,mouse_move,,113,394,
1788199734.6644824,mouse_move,,112,390,
1788199734.6806386,mouse_move,,112,387,
1788199734.6886468,mouse_move,,112,386,
1788199734.6965501,mouse_move,,112,384,
1788199734.7045429,mouse_move,,112,383,
1788199734.737152,mouse_move,,112,382,
1788199734.7446544,mouse_move,,112,379,
1788199734.7770364,mouse_move,,113,378,
1788199734.7852035,mouse_move,,114,377,
1788199734.9292634,mouse_click,down,114,377,Button.left
1788199735.0095713,mouse_click,up,114,377,Button.left
1788199735.1449358,mouse_move,,116,378,
1788199735.1530178,mouse_move,,116,386,
1788199735.16058,mouse_move,,116,392,
1788199735.1684818,mouse_move,,116,398,
1788199735.176527,mouse_move,,117,406,
1788199735.184595,mouse_move,,119,413,
1788199735.19252,mouse_move,,119,419,
1788199735.2005486,mouse_move,,119,429,
1788199735.208464,mouse_move,,119,435,
1788199735.2165499,mouse_move,,119,445,
1788199735.224499,mouse_move,,119,453,
1788199735.2325394,mouse_move,,119,461,
1788199735.2405305,mouse_move,,119,470,
1788199735.2485428,mouse_move,,119,474,
1788199735.2566166,mouse_move,,119,482,
1788199735.2645757,mouse_move,,119,488,
1788199735.2725244,mouse_move,,119,496,
1788199735.280557,mouse_move,,118,502,
1788199735.2884753,mouse_move,,118,505,
1788199735.2965717,mouse_move,,118,509,
1788199735.304547,mouse_move,,117,512,
1788199735.3124816,mouse_move,,117,514,
1788199735.3204927,mouse_move,,117,515,
1788199735.328507,mouse_move,,117,516,
1788199735.4654253,mouse_move,,119,515,
1788199735.4725544,mouse_move,,121,512,
1788199735.4805636,mouse_move,,124,507,
1788199735.4885962,mouse_move,,127,503,
1788199735.4968436,mouse_move,,130,498,
1788199735.5045598,mouse_move,,134,492,
1788199735.5125024,mouse_move,,135,486,
1788199735.520582,mouse_move,,137,480,
1788199735.5285842,mouse_move,,137,475,
1788199735.5365474,mouse_move,,138,471,
1788199735.5444682,mouse_move,,138,465,
1788199735.5525815,mouse_move,,138,461,
1788199735.5606134,mouse_move,,138,457,
1788199735.5685196,mouse_move,,138,451,
1788199735.5765412,mouse_move,,138,449,
1788199735.5845976,mouse_move,,138,447,
1788199735.592554,mouse_move,,138,446,
1788199735.6004393,mouse_move,,138,445,
1788199735.6089268,mouse_move,,138,444,
1788199735.6165829,mouse_move,,138,441,
1788199735.6333401,mouse_move,,133,435,
1788199735.6485803,mouse_move,,130,428,
1788199735.664623,mouse_move,,127,425,
1788199735.6725595,mouse_move,,126,424,
1788199735.6809804,mouse_move,,125,423,
1788199735.688603,mouse_move,,123,420,
1788199735.6965277,mouse_move,,122,418,
1788199735.7045684,mouse_move,,119,415,
1788199735.7124531,mouse_move,,118,414,
1788199735.7290368,mouse_move,,117,412,
1788199735.736545,mouse_move,,116,411,
1788199735.7445436,mouse_move,,113,409,
1788199735.7769263,mouse_move,,112,409,
1788199735.7845957,mouse_move,,111,408,
1788199736.0166,mouse_move,,111,408,
1788199736.728944,mouse_move,,111,409,
1788199736.8091853,mouse_move,,111,409,
1788199736.8167982,mouse_move,,111,408,
1788199736.8247142,mouse_move,,111,406,
1788199736.8325794,mouse_move,,111,403,
1788199736.8406355,mouse_move,,111,401,
1788199736.8485627,mouse_move,,111,400,
1788199736.8564565,mouse_move,,111,398,
1788199736.8645918,mouse_move,,111,395,
1788199736.872584,mouse_move,,111,394,
1788199736.8805063,mouse_move,,111,392,
1788199736.8885524,mouse_move,,111,391,
1788199736.8965542,mouse_move,,111,390,
1788199736.9124846,mouse_move,,111,388,
1788199736.9205477,mouse_move,,111,386,
1788199736.9285674,mouse_move,,111,385,
1788199736.9366014,mouse_move,,111,384,
1788199736.968577,mouse_move,,111,383,
1788199736.9766004,mouse_move,,111,380,
1788199737.0085719,mouse_move,,111,379,
1788199737.1611578,mouse_move,,111,378,
1788199737.1932032,mouse_move,,112,378,
1788199737.2250369,mouse_move,,113,378,
1788199737.2329469,mouse_move,,116,377,
1788199737.28129,mouse_move,,118,377,
1788199737.2886558,mouse_move,,119,377,
1788199737.3446023,mouse_move,,122,375,
1788199737.4969723,mouse_move,,122,374,
1788199737.5045974,mouse_move,,122,373,
1788199737.5212264,mouse_move,,122,372,
1788199737.5290294,mouse_move,,122,371,
1788199737.536559,mouse_move,,122,368,
1788199737.5446901,mouse_move,,120,366,
1788199737.5606854,mouse_move,,120,364,
1788199737.568452,mouse_move,,119,362,
1788199737.5845912,mouse_move,,117,359,
1788199737.5925574,mouse_move,,117,358,
1788199737.6086204,mouse_move,,117,356,
1788199737.6165757,mouse_move,,116,354,
1788199737.633135,mouse_move,,116,353,
1788199737.648643,mouse_move,,114,351,
1788199737.6565316,mouse_move,,114,350,
1788199737.664556,mouse_move,,114,349,
1788199737.6724977,mouse_move,,114,347,
1788199737.6805499,mouse_move,,113,346,
1788199737.6885557,mouse_move,,113,344,
1788199737.696756,mouse_move,,113,343,
1788199737.7045858,mouse_move,,113,342,
1788199737.7124476,mouse_move,,112,340,
1788199737.7448068,mouse_move,,112,338,
1788199737.7611222,mouse_move,,112,337,
1788199737.7931616,mouse_move,,112,336,
1788199737.8090239,mouse_move,,110,333,
1788199737.9127078,mouse_move,,110,332,
1788199737.9292777,mouse_move,,110,331,
1788199737.9606142,mouse_move,,110,330,
1788199737.9769537,mouse_move,,110,329,
1788199738.00875,mouse_move,,110,326,
1788199738.0165672,mouse_move,,110,324,
1788199738.0245516,mouse_move,,110,323,
1788199738.0324516,mouse_move,,110,320,
1788199738.0405557,mouse_move,,110,319,
1788199738.048449,mouse_move,,110,318,
1788199738.056452,mouse_move,,110,317,
1788199738.072635,mouse_move,,110,314,
1788199738.2250788,mouse_move,,110,313,
1788199738.2570822,mouse_move,,110,312,
1788199738.2730258,mouse_move,,110,311,
1788199738.3127866,mouse_move,,111,307,
1788199738.320566,mouse_move,,112,307,
1788199738.3365734,mouse_move,,113,306,
1788199738.3525987,mouse_move,,115,305,
1788199738.3845966,mouse_move,,117,300,
1788199738.392499,mouse_move,,120,297,
1788199738.4085925,mouse_move,,121,296,
1788199738.4170666,mouse_move,,121,295,
1788199738.4485862,mouse_move,,122,294,
1788199738.4652572,mouse_move,,123,293,
1788199738.5928533,mouse_click,down,123,293,Button.left
1788199738.6970925,mouse_click,up,123,293,Button.left
1788199739.4969013,mouse_move,,123,293,
1788199739.5045326,mouse_move,,123,294,
1788199739.512433,mouse_move,,123,298,
1788199739.5205975,mouse_move,,120,302,
1788199739.5285423,mouse_move,,118,309,
1788199739.536546,mouse_move,,118,313,
1788199739.544569,mouse_move,,118,321,
1788199739.5527458,mouse_move,,118,325,
1788199739.5605419,mouse_move,,117,331,
1788199739.5685208,mouse_move,,115,337,
1788199739.5765495,mouse_move,,115,343,
1788199739.5845957,mouse_move,,115,348,
1788199739.5924866,mouse_move,,115,354,
1788199739.6004145,mouse_move,,115,360,
1788199739.608568,mouse_move,,115,366,
1788199739.6165924,mouse_move,,115,372,
1788199739.6245935,mouse_move,,115,376,
1788199739.6324954,mouse_move,,115,384,
1788199739.6405234,mouse_move,,115,385,
1788199739.6485167,mouse_move,,115,389,
1788199739.656424,mouse_move,,115,391,
1788199739.6645615,mouse_move,,115,396,
1788199739.6725357,mouse_move,,115,397,
1788199739.6805723,mouse_move,,117,402,
1788199739.688652,mouse_move,,118,403,
1788199739.6965475,mouse_move,,119,404,
1788199739.704493,mouse_move,,120,406,
1788199739.7206657,mouse_move,,121,408,
1788199739.7531738,mouse_move,,124,409,
1788199739.7604291,mouse_move,,132,411,
1788199739.768462,mouse_move,,135,412,
1788199739.776466,mouse_move,,143,416,
1788199739.7845974,mouse_move,,149,416,
1788199739.7925415,mouse_move,,158,417,
1788199739.8004735,mouse_move,,168,417,
1788199739.808535,mouse_move,,177,417,
1788199739.816599,mouse_move,,193,417,
1788199739.824533,mouse_move,,204,417,
1788199739.8325346,mouse_move,,212,417,
1788199739.840566,mouse_move,,223,415,
1788199739.848579,mouse_move,,232,411,
1788199739.8564653,mouse_move,,241,409,
1788199739.864582,mouse_move,,248,406,
1788199739.8725147,mouse_move,,252,403,
1788199739.8804853,mouse_move,,257,400,
1788199739.8884957,mouse_move,,260,397,
1788199739.8965201,mouse_move,,261,396,
1788199739.9045353,mouse_move,,263,393,
1788199739.9125447,mouse_move,,263,392,
1788199739.9205117,mouse_move,,263,388,
1788199739.9285474,mouse_move,,265,386,
1788199739.9365418,mouse_move,,265,385,
1788199739.944575,mouse_move,,265,381,
1788199739.9525094,mouse_move,,265,380,
1788199739.960532,mouse_move,,265,376,
1788199739.9684827,mouse_move,,265,375,
1788199739.9765823,mouse_move,,265,372,
1788199739.985191,mouse_move,,265,368,
1788199739.992543,mouse_move,,265,367,
1788199740.0006068,mouse_move,,265,366,
1788199740.0085795,mouse_move,,265,362,
1788199740.0165777,mouse_move,,265,361,
1788199740.0245361,mouse_move,,264,357,
1788199740.0326157,mouse_move,,261,354,
1788199740.040856,mouse_move,,261,353,
1788199740.0484962,mouse_move,,260,350,
1788199740.0566015,mouse_move,,259,349,
1788199740.0646708,mouse_move,,258,347,
1788199740.072476,mouse_move,,255,344,
1788199740.0804904,mouse_move,,252,341,
1788199740.0885613,mouse_move,,251,340,
1788199740.0966802,mouse_move,,249,339,
1788199740.1045468,mouse_move,,246,339,
1788199740.112444,mouse_move,,242,339,
1788199740.1204855,mouse_move,,239,339,
1788199740.1285312,mouse_move,,235,339,
1788199740.1364846,mouse_move,,234,339,
1788199740.1445236,mouse_move,,230,339,
1788199740.1525595,mouse_move,,227,339,
1788199740.160482,mouse_move,,225,339,
1788199740.168513,mouse_move,,220,342,
1788199740.17658,mouse_move,,217,345,
1788199740.1845288,mouse_move,,210,352,
1788199740.1925364,mouse_move,,206,356,
1788199740.2004511,mouse_move,,200,368,
1788199740.2087197,mouse_move,,195,373,
1788199740.216636,mouse_move,,187,385,
1788199740.2244966,mouse_move,,184,394,
1788199740.2325468,mouse_move,,175,408,
1788199740.240582,mouse_move,,172,417,
1788199740.248576,mouse_move,,165,434,
1788199740.25648,mouse_move,,161,448,
1788199740.264578,mouse_move,,157,465,
1788199740.2725575,mouse_move,,157,486,
1788199740.280554,mouse_move,,157,505,
1788199740.2884939,mouse_move,,157,528,
1788199740.2965946,mouse_move,,157,552,
1788199740.3045237,mouse_move,,157,573,
1788199740.3125336,mouse_move,,161,598,
1788199740.320607,mouse_move,,167,620,
1788199740.3285313,mouse_move,,169,638,
1788199740.3365285,mouse_move,,174,658,
1788199740.3445225,mouse_move,,182,677,
1788199740.3525968,mouse_move,,189,696,
1788199740.3605397,mouse_move,,199,714,
1788199740.3685212,mouse_move,,210,733,
1788199740.376532,mouse_move,,223,748,
1788199740.3845422,mouse_move,,234,765,
1788199740.392549,mouse_move,,246,778,
1788199740.4005814,mouse_move,,259,793,
1788199740.4085526,mouse_move,,270,810,
1788199740.4165552,mouse_move,,280,822,
1788199740.424602,mouse_move,,295,837,
1788199740.4324846,mouse_move,,301,849,
1788199740.4406054,mouse_move,,309,859,
1788199740.4485886,mouse_move,,315,870,
1788199740.4565096,mouse_move,,320,880,
1788199740.4645677,mouse_move,,328,892,
1788199740.472593,mouse_move,,334,901,
1788199740.480506,mouse_move,,337,910,
1788199740.488593,mouse_move,,350,925,
1788199740.496564,mouse_move,,358,935,
1788199740.5045736,mouse_move,,368,947,
1788199740.512487,mouse_move,,378,957,
1788199740.5206132,mouse_move,,390,969,
1788199740.528573,mouse_move,,397,974,
1788199740.5365386,mouse_move,,409,982,
1788199740.5445557,mouse_move,,419,990,
1788199740.5526285,mouse_move,,428,994,
1788199740.5604942,mouse_move,,435,999,
1788199740.5684605,mouse_move,,444,1002,
1788199740.576553,mouse_move,,453,1006,
1788199740.5845902,mouse_move,,460,1009,
1788199740.5925357,mouse_move,,466,1009,
1788199740.600533,mouse_move,,474,1009,
1788199740.6085641,mouse_move,,480,1011,
1788199740.6165397,mouse_move,,491,1011,
1788199740.6245487,mouse_move,,501,1011,
1788199740.632572,mouse_move,,510,1011,
1788199740.6405392,mouse_move,,521,1011,
1788199740.6485558,mouse_move,,537,1011,
1788199740.656447,mouse_move,,550,1011,
1788199740.6645806,mouse_move,,566,1011,
1788199740.6725147,mouse_move,,577,1011,
1788199740.6805253,mouse_move,,590,1011,
1788199740.6885092,mouse_move,,601,1011,
1788199740.6964571,mouse_move,,609,1011,
1788199740.7044585,mouse_move,,618,1011,
1788199740.712528,mouse_move,,626,1011,
1788199740.72056,mouse_move,,629,1011,
1788199740.7285237,mouse_move,,630,1011,
1788199740.8009293,mouse_move,,630,1015,
1788199740.8085659,mouse_move,,626,1018,
1788199740.8166044,mouse_move,,613,1025,
1788199740.824672,mouse_move,,596,1031,
1788199740.832587,mouse_move,,579,1042,
1788199740.8405752,mouse_move,,565,1048,
1788199740.848516,mouse_move,,545,1064,
1788199740.8566098,mouse_move,,525,1079,
1788199740.8644853,mouse_move,,510,1092,
1788199740.8724964,mouse_move,,490,1110,
1788199740.8805428,mouse_move,,475,1125,
1788199740.8886492,mouse_move,,460,1143,
1788199740.896553,mouse_move,,452,1155,
1788199740.9045455,mouse_move,,443,1169,
1788199740.9127555,mouse_move,,437,1183,
1788199740.9204557,mouse_move,,436,1192,
1788199740.9286654,mouse_move,,436,1200,
1788199740.9366822,mouse_move,,434,1212,
1788199740.9445412,mouse_move,,432,1225,
1788199740.9527192,mouse_move,,432,1236,
1788199740.9605124,mouse_move,,428,1248,
1788199740.9687748,mouse_move,,426,1256,
1788199740.9764884,mouse_move,,424,1265,
1788199740.984513,mouse_move,,424,1271,
1788199740.9926045,mouse_move,,424,1277,
1788199741.0008,mouse_move,,424,1280,
1788199741.0085154,mouse_move,,423,1284,
1788199741.0165515,mouse_move,,423,1285,
1788199741.0246608,mouse_move,,423,1288,
1788199741.0405543,mouse_move,,420,1290,
1788199741.3687785,mouse_move,,420,1290,
1788199741.4006145,mouse_move,,420,1288,
1788199741.6890433,mouse_move,,420,1287,
1788199741.696567,mouse_move,,420,1286,
1788199742.7770422,mouse_move,,420,1284,
1788199742.7845554,mouse_move,,422,1280,
1788199742.792575,mouse_move,,428,1279,
1788199742.800448,mouse_move,,439,1275,
1788199742.8085606,mouse_move,,456,1269,
1788199742.816555,mouse_move,,475,1265,
1788199742.8246038,mouse_move,,497,1258,
1788199742.8325558,mouse_move,,521,1254,
1788199742.8405378,mouse_move,,560,1246,
1788199742.8485255,mouse_move,,605,1243,
1788199742.8564906,mouse_move,,657,1234,
1788199742.864474,mouse_move,,738,1216,
1788199742.8724518,mouse_move,,794,1209,
1788199742.880495,mouse_move,,875,1191,
1788199742.8885024,mouse_move,,950,1169,
1788199742.8965456,mouse_move,,1027,1144,
1788199742.9045322,mouse_move,,1103,1122,
1788199742.9125602,mouse_move,,1189,1100,
1788199742.9205663,mouse_move,,1265,1078,
1788199742.928608,mouse_move,,1342,1052,
1788199742.9364922,mouse_move,,1423,1030,
1788199742.9445453,mouse_move,,1498,1012,
1788199742.9526484,mouse_move,,1569,991,
1788199742.9604788,mouse_move,,1633,974,
1788199742.9686947,mouse_move,,1693,958,
1788199742.9767067,mouse_move,,1738,943,
1788199742.9845302,mouse_move,,1782,928,
1788199742.992509,mouse_move,,1822,911,
1788199743.000596,mouse_move,,1851,901,
1788199743.008517,mouse_move,,1868,893,
1788199743.0166295,mouse_move,,1882,884,
1788199743.0245273,mouse_move,,1894,881,
1788199743.0326977,mouse_move,,1901,875,
1788199743.040638,mouse_move,,1904,872,
1788199743.048591,mouse_move,,1906,871,
1788199743.0564945,mouse_move,,1909,870,
1788199743.0968158,mouse_move,,1909,869,
1788199743.3052552,mouse_click,down,1909,869,Button.left
1788199743.4093633,mouse_click,up,1909,869,Button.left
1788199743.4407964,mouse_move,,1910,867,
1788199743.7447567,mouse_move,,1910,868,
1788199743.752533,mouse_move,,1909,869,
1788199743.7605443,mouse_move,,1908,870,
1788199743.768462,mouse_move,,1907,871,
1788199743.7765484,mouse_move,,1904,872,
1788199743.7845728,mouse_move,,1904,873,
1788199743.7925713,mouse_move,,1901,876,
1788199743.8004763,mouse_move,,1897,883,
1788199743.8085432,mouse_move,,1895,884,
1788199743.8165364,mouse_move,,1893,886,
1788199743.8245125,mouse_move,,1886,893,
1788199743.8326533,mouse_move,,1879,900,
1788199743.8406794,mouse_move,,1872,907,
1788199743.8485322,mouse_move,,1862,913,
1788199743.8564715,mouse_move,,1855,918,
1788199743.8645523,mouse_move,,1843,926,
1788199743.87251,mouse_move,,1837,928,
1788199743.880515,mouse_move,,1828,936,
1788199743.8885453,mouse_move,,1823,937,
1788199743.8965366,mouse_move,,1817,942,
1788199743.9045546,mouse_move,,1815,943,
1788199743.9124513,mouse_move,,1814,944,
1788199743.9205754,mouse_move,,1813,944,
1788199743.9285278,mouse_move,,1811,945,
1788199744.0730634,mouse_move,,1809,945,
1788199744.8010395,keyboard,down,,,
1788199744.888686,keyboard,up,,,
1788199745.1768708,keyboard,down,,,
1788199745.2806666,keyboard,up,,,
1788199746.4573205,keyboard,down,,,
1788199746.600937,keyboard,up,,,
1788199746.6329503,keyboard,down,,,
1788199746.7448895,keyboard,down,,,
1788199746.784991,keyboard,up,,,
1788199746.8808863,keyboard,up,,,
1788199746.921311,keyboard,down,,,
1788199747.08888,keyboard,up,,,
1788199747.3212411,keyboard,down,,,
1788199747.4568672,keyboard,up,,,
1788199747.5607743,keyboard,down,,,
1788199747.7366629,keyboard,up,,,
1788199750.505011,keyboard,down,,,
1788199750.6729064,keyboard,up,,,
1788199750.7128825,keyboard,down,,,
1788199750.880922,keyboard,up,,,
1788199750.936995,keyboard,down,,,
1788199751.1208744,keyboard,up,,,
1788199751.2569602,keyboard,down,,,
1788199751.401001,keyboard,up,,,
1788199752.14507,keyboard,down,,,
1788199752.3929276,keyboard,up,,,
1788199752.7850482,keyboard,down,,,
1788199752.8168893,keyboard,down,,,
1788199752.8728669,keyboard,down,,,
1788199753.000885,keyboard,down,,,
1788199753.0330508,keyboard,up,,,
1788199753.048934,keyboard,down,,,
1788199753.0731072,keyboard,up,,,
1788199753.089238,keyboard,up,,,
1788199753.1688924,keyboard,up,,,
1788199753.20089,keyboard,down,,,
1788199753.248873,keyboard,down,,,
1788199753.2731144,keyboard,up,,,
1788199753.2889364,keyboard,down,,,
1788199753.4009566,keyboard,up,,,
1788199753.4248803,keyboard,up,,,
1788199753.440879,keyboard,up,,,
1788199753.4966376,keyboard,down,,,
1788199753.6646657,keyboard,up,,,
1788199753.7128644,keyboard,down,,,
1788199753.7608547,keyboard,down,,,
1788199753.8488715,keyboard,down,,,
1788199753.8729103,keyboard,down,,,
1788199753.896845,keyboard,down,,,
1788199753.9288535,keyboard,down,,,
1788199753.9528868,keyboard,up,,,
1788199753.9769607,keyboard,up,,,
1788199753.992893,keyboard,up,,,
1788199754.0168698,keyboard,up,,,
1788199754.0808523,keyboard,up,,,
1788199754.0968351,keyboard,up,,,
1788199754.1209278,keyboard,down,,,
1788199754.1371315,keyboard,down,,,
1788199754.160913,keyboard,down,,,
1788199754.1848636,keyboard,down,,,
1788199754.2009,keyboard,down,,,
1788199754.2256415,keyboard,down,,,
1788199754.2408352,keyboard,up,,,
1788199754.2648673,keyboard,up,,,
1788199754.2808576,keyboard,up,,,
1788199754.304914,keyboard,up,,,
1788199754.3206313,keyboard,down,,,
1788199754.3448522,keyboard,up,,,
1788199754.3609538,keyboard,up,,,
1788199754.384947,keyboard,down,,,
1788199754.4486604,keyboard,up,,,
1788199754.4808762,keyboard,up,,,
1788199754.6168945,keyboard,down,,,
1788199754.633105,keyboard,down,,,
1788199754.7288978,keyboard,down,,,
1788199754.7531273,keyboard,up,,,
1788199754.7929342,keyboard,up,,,
1788199754.8171074,keyboard,down,,,
1788199754.8329458,keyboard,down,,,
1788199754.8728724,keyboard,up,,,
1788199754.9128716,keyboard,up,,,
1788199754.9288769,keyboard,down,,,
1788199754.9528503,keyboard,up,,,
1788199754.9688632,keyboard,down,,,
1788199755.048886,keyboard,down,,,
1788199755.064847,keyboard,down,,,
1788199755.0889046,keyboard,up,,,
1788199755.1048422,keyboard,up,,,
1788199755.1609163,keyboard,up,,,
1788199755.1779222,keyboard,up,,,
1788199755.233181,keyboard,down,,,
1788199755.3129148,keyboard,up,,,
1788199755.3928814,keyboard,down,,,
1788199755.4166253,keyboard,down,,,
1788199755.4336214,keyboard,up,,,
1788199755.5846367,keyboard,up,,,
1788199756.1048782,keyboard,down,,,
1788199756.1289852,keyboard,down,,,
1788199756.248869,keyboard,up,,,
1788199756.3049073,keyboard,up,,,
1788199756.5215764,keyboard,down,,,
1788199756.6410081,keyboard,up,,,
1788199756.8894036,keyboard,down,,,
1788199757.0330155,keyboard,up,,,
1788199757.8893414,keyboard,down,,,
1788199758.0412369,keyboard,up,,,
1788199758.2169461,keyboard,down,,,
1788199758.4329567,keyboard,up,,,
1788199758.5848556,keyboard,down,,,
1788199758.8249972,keyboard,up,,,
1788199759.0330892,keyboard,down,,,
1788199759.2249072,keyboard,up,,,
1788199759.376904,keyboard,down,,,
1788199759.624866,keyboard,up,,,
1788199759.7209678,keyboard,down,,,
1788199759.8809032,keyboard,up,,,
1788199760.0653152,keyboard,down,,,
1788199760.2489383,keyboard,up,,,
1788199760.4732642,keyboard,down,,,
1788199760.5289311,keyboard,down,,,
1788199760.7128766,keyboard,up,,,
1788199760.7368708,keyboard,up,,,
1788199760.9129293,keyboard,down,,,
1788199761.129246,keyboard,up,,,
1788199761.2898035,keyboard,down,,,
1788199761.4488597,keyboard,up,,,
1788199761.705298,keyboard,down,,,
1788199761.784869,keyboard,up,,,
1788199762.328673,keyboard,down,,,
1788199762.4006398,keyboard,up,,,
1788199762.4733326,keyboard,down,,,
1788199762.5771043,keyboard,up,,,
1788199762.7929397,keyboard,down,,,
1788199762.8490298,keyboard,down,,,
1788199762.9849062,keyboard,up,,,
1788199763.0168977,keyboard,up,,,
1788199763.0330362,keyboard,down,,,
1788199763.1689184,keyboard,up,,,
1788199763.5368896,keyboard,down,,,
1788199763.6326876,keyboard,up,,,
1788199763.6886067,keyboard,down,,,
1788199763.80063,keyboard,up,,,
1788199763.8729794,keyboard,down,,,
1788199763.9928472,keyboard,up,,,
1788199764.23317,keyboard,down,,,
1788199764.3369188,keyboard,down,,,
1788199764.4249148,keyboard,up,,,
1788199764.4729223,keyboard,up,,,
1788199764.6089482,keyboard,down,,,
1788199764.7209125,keyboard,up,,,
1788199764.7609618,keyboard,down,,,
1788199764.8332453,keyboard,down,,,
1788199764.9048934,keyboard,up,,,
1788199764.9528923,keyboard,up,,,
1788199765.2089603,keyboard,down,,,
1788199765.2886353,keyboard,up,,,
1788199765.3686302,keyboard,down,,,
1788199765.448621,keyboard,up,,,
1788199765.5369277,keyboard,down,,,
1788199765.6729043,keyboard,up,,,
1788199766.0328183,keyboard,down,,,
1788199766.1206708,keyboard,up,,,
1788199766.8486674,keyboard,down,,,
1788199766.9773605,keyboard,up,,,
1788199767.185607,keyboard,down,,,
1788199767.2968423,keyboard,up,,,
1788199767.9846237,keyboard,down,,,
1788199768.484673,keyboard,down,,,
1788199768.5310698,keyboard,down,,,
1788199768.5616996,keyboard,down,,,
1788199768.593024,keyboard,down,,,
1788199768.624667,keyboard,down,,,
1788199768.6549034,keyboard,down,,,
1788199768.6862109,keyboard,down,,,
1788199768.717233,keyboard,down,,,
1788199768.7488608,keyboard,down,,,
1788199768.7945123,keyboard,down,,,
1788199768.825298,keyboard,down,,,
1788199768.856653,keyboard,down,,,
1788199768.88766,keyboard,down,,,
1788199768.9178517,keyboard,down,,,
1788199768.9501543,keyboard,down,,,
1788199768.9816885,keyboard,down,,,
1788199769.0135996,keyboard,down,,,
1788199769.0545843,keyboard,down,,,
1788199769.0835721,keyboard,down,,,
1788199769.1216452,keyboard,down,,,
1788199769.1554928,keyboard,down,,,
1788199769.1867766,keyboard,down,,,
1788199769.2184327,keyboard,down,,,
1788199769.2491412,keyboard,down,,,
1788199769.2806823,keyboard,down,,,
1788199769.312087,keyboard,down,,,
1788199769.3429587,keyboard,down,,,
1788199769.389261,keyboard,down,,,
1788199769.4211297,keyboard,down,,,
1788199769.4528506,keyboard,down,,,
1788199769.4838536,keyboard,down,,,
1788199769.51539,keyboard,down,,,
1788199769.5465205,keyboard,down,,,
1788199769.5770683,keyboard,down,,,
1788199769.6080687,keyboard,down,,,
1788199769.6545963,keyboard,down,,,
1788199769.6863654,keyboard,down,,,
1788199769.7172728,keyboard,down,,,
1788199769.748218,keyboard,down,,,
1788199769.779115,keyboard,down,,,
1788199769.810861,keyboard,down,,,
1788199769.8420608,keyboard,down,,,
1788199769.8727622,keyboard,down,,,
1788199769.9043858,keyboard,down,,,
1788199769.9506805,keyboard,down,,,
1788199769.9820714,keyboard,down,,,
1788199770.013179,keyboard,down,,,
1788199770.0441165,keyboard,down,,,
1788199770.0746047,keyboard,down,,,
1788199770.1057808,keyboard,down,,,
1788199770.1357968,keyboard,down,,,
1788199770.1677523,keyboard,down,,,
1788199770.192687,keyboard,up,,,
1788199770.3926227,keyboard,down,,,
1788199770.4486277,keyboard,up,,,
1788199770.5366395,keyboard,down,,,
1788199770.5926645,keyboard,up,,,
1788199770.6732213,keyboard,down,,,
1788199770.7366219,keyboard,up,,,
1788199770.8006134,keyboard,down,,,
1788199770.8566058,keyboard,up,,,
1788199770.9286513,keyboard,down,,,
1788199770.9926803,keyboard,up,,,
1788199771.0647147,keyboard,down,,,
1788199771.1286337,keyboard,up,,,
1788199771.1926248,keyboard,down,,,
1788199771.2733238,keyboard,up,,,
1788199771.336653,keyboard,down,,,
1788199771.4088485,keyboard,up,,,
1788199771.4806707,keyboard,down,,,
1788199771.5687556,keyboard,up,,,
1788199771.632673,keyboard,down,,,
1788199771.6886463,keyboard,up,,,
1788199771.7766643,keyboard,down,,,
1788199771.864626,keyboard,up,,,
1788199771.9766767,keyboard,down,,,
1788199772.0651557,keyboard,up,,,
1788199772.1366477,keyboard,down,,,
1788199772.2326825,keyboard,up,,,
1788199772.5286462,keyboard,down,,,
1788199772.6646256,keyboard,up,,,
1788199773.2246237,keyboard,down,,,
1788199773.416674,keyboard,up,,,
1788199776.712989,keyboard,down,,,
1788199776.8728938,keyboard,up,,,
1788199777.7846313,keyboard,down,,,
1788199777.904672,keyboard,up,,,
1788199778.785092,keyboard,down,,,
1788199778.8088787,keyboard,down,,,
1788199778.9368865,keyboard,up,,,
1788199778.9770277,keyboard,up,,,
1788199779.1608627,keyboard,down,,,
1788199779.1848948,keyboard,down,,,
1788199779.2089865,keyboard,down,,,
1788199779.2489598,keyboard,up,,,
1788199779.3368888,keyboard,up,,,
1788199779.3770406,keyboard,up,,,
1788199779.5532305,keyboard,down,,,
1788199779.6008487,keyboard,down,,,
1788199779.7689037,keyboard,up,,,
1788199779.7929645,keyboard,up,,,
1788199779.8168795,keyboard,down,,,
1788199779.8335214,keyboard,down,,,
1788199779.9048936,keyboard,down,,,
1788199779.9289012,keyboard,up,,,
1788199779.9608617,keyboard,up,,,
1788199780.0568836,keyboard,up,,,
1788199780.3448875,keyboard,down,,,
1788199780.4326262,keyboard,up,,,
1788199780.5208983,keyboard,down,,,
1788199780.6006463,keyboard,up,,,
1788199780.672641,keyboard,down,,,
1788199780.7366447,keyboard,up,,,
1788199780.8246148,keyboard,down,,,
1788199780.8886392,keyboard,up,,,
1788199780.9606116,keyboard,down,,,
1788199781.0246224,keyboard,up,,,
1788199781.1126828,keyboard,down,,,
1788199781.1686113,keyboard,up,,,
1788199781.2406783,keyboard,down,,,
1788199781.3206158,keyboard,up,,,
1788199781.384644,keyboard,down,,,
1788199781.4646938,keyboard,up,,,
1788199781.5526502,keyboard,down,,,
1788199781.6566575,keyboard,up,,,
1788199781.83261,keyboard,down,,,
1788199781.9846475,keyboard,up,,,
1788199782.7046592,keyboard,down,,,
1788199782.8406482,keyboard,up,,,
1788199783.8414645,keyboard,down,,,
1788199783.9608808,keyboard,down,,,
1788199783.9768682,keyboard,up,,,
1788199784.0326028,keyboard,down,,,
1788199784.1288567,keyboard,up,,,
1788199784.1846216,keyboard,up,,,
1788199784.376907,keyboard,down,,,
1788199784.4088156,keyboard,down,,,
1788199784.6093693,keyboard,up,,,
1788199784.6808443,keyboard,up,,,
1788199784.7614582,keyboard,down,,,
1788199784.8246212,keyboard,down,,,
1788199784.9288929,keyboard,up,,,
1788199784.9926236,keyboard,up,,,
1788199785.0329196,keyboard,down,,,
1788199785.0728855,keyboard,down,,,
1788199785.184961,keyboard,up,,,
1788199785.200856,keyboard,up,,,
1788199785.2246122,keyboard,down,,,
1788199785.3366673,keyboard,up,,,
1788199785.5125976,keyboard,down,,,
1788199785.6650286,keyboard,up,,,
1788199785.720953,keyboard,down,,,
1788199785.8490422,keyboard,down,,,
1788199786.008918,keyboard,down,,,
1788199786.096894,keyboard,up,,,
1788199786.144915,keyboard,up,,,
1788199786.1686027,keyboard,down,,,
1788199786.1928897,keyboard,up,,,
1788199786.3526466,keyboard,up,,,
1788199786.6652472,keyboard,down,,,
1788199786.8006458,keyboard,up,,,
1788199787.0413408,keyboard,down,,,
1788199787.1048746,keyboard,down,,,
1788199787.2409234,keyboard,up,,,
1788199787.2649004,keyboard,up,,,
1788199787.344647,keyboard,down,,,
1788199787.4973917,keyboard,up,,,
1788199787.6089065,keyboard,down,,,
1788199787.6407409,keyboard,down,,,
1788199787.7688718,keyboard,up,,,
1788199787.8166237,keyboard,up,,,
1788199787.9126766,keyboard,down,,,
1788199788.000624,keyboard,up,,,
1788199788.1368952,keyboard,down,,,
1788199788.2809863,keyboard,up,,,
1788199788.5610657,keyboard,down,,,
1788199788.6496074,keyboard,down,,,
1788199788.6655865,keyboard,down,,,
1788199788.7368855,keyboard,up,,,
1788199788.7526665,keyboard,up,,,
1788199788.7769241,keyboard,up,,,
1788199789.009454,keyboard,down,,,
1788199789.1528938,keyboard,up,,,
1788199789.224593,keyboard,down,,,
1788199789.368628,keyboard,up,,,
1788199789.3848245,keyboard,down,,,
1788199789.4486194,keyboard,down,,,
1788199789.5769384,keyboard,up,,,
1788199789.6006272,keyboard,up,,,
1788199789.6486478,keyboard,down,,,
1788199789.7129054,keyboard,down,,,
1788199789.7526226,keyboard,up,,,
1788199789.8086784,keyboard,down,,,
1788199789.8728998,keyboard,up,,,
1788199789.8966103,keyboard,up,,,
1788199789.9526324,keyboard,down,,,
1788199790.032612,keyboard,up,,,
1788199790.0886106,keyboard,down,,,
1788199790.168658,keyboard,up,,,
1788199790.2405958,keyboard,down,,,
1788199790.3206866,keyboard,up,,,
1788199790.376962,keyboard,down,,,
1788199790.4566324,keyboard,up,,,
1788199790.512704,keyboard,down,,,
1788199790.584609,keyboard,up,,,
1788199790.6486602,keyboard,down,,,
1788199790.7046142,keyboard,up,,,
1788199790.784624,keyboard,down,,,
1788199790.848609,keyboard,up,,,
1788199790.9286432,keyboard,down,,,
1788199790.9926193,keyboard,up,,,
1788199791.0646508,keyboard,down,,,
1788199791.1207652,keyboard,up,,,
1788199791.337058,keyboard,down,,,
1788199791.3846056,keyboard,up,,,
1788199791.45666,keyboard,down,,,
1788199791.5286417,keyboard,up,,,
1788199791.5926325,keyboard,down,,,
1788199791.6727138,keyboard,up,,,
1788199791.7607002,keyboard,down,,,
1788199791.8405993,keyboard,up,,,
1788199791.9126477,keyboard,down,,,
1788199791.9686239,keyboard,up,,,
1788199792.0726364,keyboard,down,,,
1788199792.128616,keyboard,up,,,
1788199792.2253208,keyboard,down,,,
1788199792.280603,keyboard,up,,,
1788199792.3686156,keyboard,down,,,
1788199792.432605,keyboard,up,,,
1788199792.5210354,keyboard,down,,,
1788199792.5766492,keyboard,up,,,
1788199792.664615,keyboard,down,,,
1788199792.736611,keyboard,up,,,
1788199792.8165965,keyboard,down,,,
1788199792.9046223,keyboard,up,,,
1788199793.1607933,keyboard,down,,,
1788199793.2966323,keyboard,up,,,
1788199793.6006465,keyboard,down,,,
1788199793.7611187,keyboard,up,,,
1788199795.729127,mouse_move,,1810,945,
1788199795.7365277,mouse_move,,1823,942,
1788199795.7445214,mouse_move,,1832,938,
1788199795.7525365,mouse_move,,1845,936,
1788199795.760897,mouse_move,,1860,930,
1788199795.7684646,mouse_move,,1876,924,
1788199795.776611,mouse_move,,1891,917,
1788199795.7845085,mouse_move,,1908,909,
1788199795.792546,mouse_move,,1919,905,
1788199795.8004298,mouse_move,,1936,894,
1788199795.8085144,mouse_move,,1948,888,
1788199795.8165452,mouse_move,,1963,878,
1788199795.8244543,mouse_move,,1977,872,
1788199795.8325753,mouse_move,,1987,864,
1788199795.8406453,mouse_move,,1996,856,
1788199795.8486123,mouse_move,,2009,848,
1788199795.8564653,mouse_move,,2015,843,
1788199795.8645463,mouse_move,,2022,838,
1788199795.8724813,mouse_move,,2025,837,
1788199795.8804932,mouse_move,,2030,832,
1788199795.8966668,mouse_move,,2031,831,
1788199795.992917,mouse_move,,2031,829,
1788199796.072514,mouse_move,,2031,827,
1788199796.112489,mouse_move,,2031,826,
1788199796.1445978,mouse_move,,2031,825,
1788199796.152912,mouse_move,,2031,824,
1788199796.1685479,mouse_move,,2030,824,
1788199796.2405534,mouse_move,,2028,825,
1788199796.2485127,mouse_move,,2028,833,
1788199796.2565074,mouse_move,,2028,838,
1788199796.2644753,mouse_move,,2028,846,
1788199796.2725122,mouse_move,,2028,852,
1788199796.2805228,mouse_move,,2029,858,
1788199796.2885337,mouse_move,,2030,859,
1788199796.2965288,mouse_move,,2031,860,
1788199796.304549,mouse_move,,2032,861,
1788199796.3206358,mouse_move,,2035,861,
1788199796.328491,mouse_move,,2036,861,
1788199796.3366613,mouse_move,,2040,861,
1788199796.3445914,mouse_move,,2042,861,
1788199796.3525517,mouse_move,,2051,857,
1788199796.3605213,mouse_move,,2054,854,
1788199796.3685758,mouse_move,,2062,847,
1788199796.3764675,mouse_move,,2070,840,
1788199796.3844476,mouse_move,,2077,835,
1788199796.3926916,mouse_move,,2078,829,
1788199796.400446,mouse_move,,2085,821,
1788199796.4084208,mouse_move,,2095,812,
1788199796.4164422,mouse_move,,2103,804,
1788199796.4244876,mouse_move,,2107,801,
1788199796.4324374,mouse_move,,2114,795,
1788199796.440447,mouse_move,,2121,787,
1788199796.4484532,mouse_move,,2122,785,
1788199796.4564438,mouse_move,,2125,782,
1788199796.4644167,mouse_move,,2125,781,
1788199796.4725065,mouse_move,,2125,779,
1788199796.4804585,mouse_move,,2126,776,
1788199796.4884713,mouse_move,,2126,773,
1788199796.4964788,mouse_move,,2128,772,
1788199796.5045142,mouse_move,,2128,768,
1788199796.5124338,mouse_move,,2128,762,
1788199796.520599,mouse_move,,2128,759,
1788199796.528577,mouse_move,,2128,755,
1788199796.53649,mouse_move,,2128,751,
1788199796.5444474,mouse_move,,2128,748,
1788199796.5525575,mouse_move,,2128,746,
1788199796.5605228,mouse_move,,2129,745,
1788199796.5684512,mouse_move,,2129,742,
1788199796.6489897,mouse_move,,2129,741,
1788199796.6648102,mouse_move,,2127,741,
1788199796.6725616,mouse_move,,2126,741,
1788199796.6806078,mouse_move,,2124,741,
1788199796.6884704,mouse_move,,2121,741,
1788199796.6965294,mouse_move,,2119,743,
1788199796.7045958,mouse_move,,2114,744,
1788199796.712539,mouse_move,,2110,746,
1788199796.7205894,mouse_move,,2105,749,
1788199796.7285993,mouse_move,,2099,750,
1788199796.7365189,mouse_move,,2096,752,
1788199796.7444394,mouse_move,,2088,755,
1788199796.752463,mouse_move,,2082,756,
1788199796.760527,mouse_move,,2079,758,
1788199796.768466,mouse_move,,2077,758,
1788199796.7765934,mouse_move,,2072,761,
1788199796.7845967,mouse_move,,2071,762,
1788199796.7925477,mouse_move,,2068,763,
1788199796.8086717,mouse_move,,2064,766,
1788199796.8170764,mouse_move,,2061,769,
1788199796.824505,mouse_move,,2060,770,
1788199796.832566,mouse_move,,2059,771,
1788199796.8485293,mouse_move,,2055,773,
1788199797.0167837,mouse_move,,2055,773,
1788199797.0245545,mouse_move,,2056,772,
1788199797.0651877,mouse_move,,2059,772,
1788199797.080664,mouse_move,,2060,772,
1788199797.225035,mouse_move,,2060,772,
1788199797.232575,mouse_move,,2056,772,
1788199797.2408297,mouse_move,,2051,773,
1788199797.2564843,mouse_move,,2049,773,
1788199797.264463,mouse_move,,2048,773,
1788199797.280614,mouse_move,,2046,773,
1788199797.3446496,mouse_move,,2045,773,
1788199797.353062,mouse_move,,2045,772,
1788199797.3605804,mouse_move,,2045,771,
1788199797.3684955,mouse_move,,2046,768,
1788199797.3765159,mouse_move,,2047,768,
1788199797.3845074,mouse_move,,2048,767,
1788199797.39255,mouse_move,,2050,766,
1788199797.400521,mouse_move,,2055,764,
1788199797.4086182,mouse_move,,2056,763,
1788199797.416654,mouse_move,,2061,762,
1788199797.4326208,mouse_move,,2064,760,
1788199797.4405863,mouse_move,,2069,757,
1788199797.4564545,mouse_move,,2070,756,
1788199797.464556,mouse_move,,2072,756,
1788199797.4726396,mouse_move,,2073,755,
1788199797.48049,mouse_move,,2074,754,
1788199797.4965758,mouse_move,,2075,753,
1788199797.5126197,mouse_move,,2077,752,
1788199797.520645,mouse_move,,2078,751,
1788199797.568823,mouse_move,,2079,749,
1788199797.6165364,mouse_move,,2079,747,
1788199797.6327326,mouse_move,,2079,746,
1788199797.6885662,mouse_move,,2080,745,
1788199797.704968,mouse_move,,2084,743,
1788199797.7210078,mouse_move,,2085,743,
1788199797.7369592,mouse_move,,2086,743,
1788199797.7444727,mouse_move,,2087,743,
1788199797.7525237,mouse_move,,2090,743,
1788199797.7605112,mouse_move,,2091,743,
1788199797.768527,mouse_move,,2093,743,
1788199797.7765481,mouse_move,,2096,743,
1788199797.7845275,mouse_move,,2098,743,
1788199797.7925487,mouse_move,,2100,743,
1788199797.8086405,mouse_move,,2102,743,
1788199797.8165307,mouse_move,,2103,743,
1788199797.9925077,mouse_move,,2104,744,
1788199798.0004966,mouse_move,,2104,745,
1788199798.0085692,mouse_move,,2103,745,
1788199798.0244863,mouse_move,,2102,745,
1788199798.0325198,mouse_move,,2099,745,
1788199798.0564854,mouse_move,,2098,745,
1788199798.0645032,mouse_move,,2096,745,
1788199798.0726264,mouse_move,,2093,745,
1788199798.1606307,mouse_move,,2092,745,
1788199798.17685,mouse_move,,2091,745,
1788199798.232669,mouse_move,,2090,743,
1788199798.5930436,mouse_move,,2086,743,
1788199798.6004357,mouse_move,,2081,747,
1788199798.6085014,mouse_move,,2080,748,
1788199798.6166444,mouse_move,,2078,752,
1788199798.624556,mouse_move,,2077,753,
1788199798.6325243,mouse_move,,2075,754,
1788199798.640486,mouse_move,,2073,756,
1788199798.776741,mouse_move,,2073,756,
1788199798.7845442,mouse_move,,2074,756,
1788199798.7924898,mouse_move,,2075,755,
1788199798.8004646,mouse_move,,2078,753,
1788199798.8332264,mouse_move,,2078,752,
1788199798.872839,mouse_move,,2078,751,
1788199798.968613,mouse_click,down,2078,751,Button.left
1788199799.0727384,mouse_click,up,2078,751,Button.left
1788199799.256545,mouse_move,,2078,749,
1788199799.2725418,mouse_move,,2077,749,
1788199799.2885516,mouse_move,,2074,749,
1788199799.2964525,mouse_move,,2073,749,
1788199799.3125532,mouse_move,,2072,749,
1788199799.3285367,mouse_move,,2071,749,
1788199799.3929286,mouse_move,,2068,749,
1788199799.4247131,mouse_move,,2067,750,
1788199800.0648844,keyboard,down,,,
1788199800.5674129,keyboard,down,,,
1788199800.599089,keyboard,down,,,
1788199800.6418703,keyboard,down,,,
1788199800.7928696,mouse_move,,2066,750,
1788199800.817092,keyboard,up,,,
1788199800.9125185,mouse_move,,2064,752,
1788199800.9366486,keyboard,up,,,
1788199800.9529657,mouse_move,,2064,753,
1788199800.9611173,mouse_move,,2062,756,
1788199800.9767058,mouse_move,,2059,759,
1788199800.9848018,mouse_move,,2058,760,
1788199800.9925108,mouse_move,,2056,762,
1788199801.0004928,mouse_move,,2051,767,
1788199801.008581,mouse_move,,2047,770,
1788199801.0167923,mouse_move,,2036,779,
1788199801.0245283,mouse_move,,2026,789,
1788199801.032566,mouse_move,,2009,800,
1788199801.0405846,mouse_move,,1989,813,
1788199801.0485082,mouse_move,,1969,826,
1788199801.0565062,mouse_move,,1952,839,
1788199801.0645173,mouse_move,,1937,850,
1788199801.0725532,mouse_move,,1917,858,
1788199801.080516,mouse_move,,1896,865,
1788199801.0884743,mouse_move,,1873,876,
1788199801.0964649,mouse_move,,1854,885,
1788199801.104529,mouse_move,,1834,893,
1788199801.1124272,mouse_move,,1819,906,
1788199801.1206357,mouse_move,,1802,915,
1788199801.128504,mouse_move,,1785,925,
1788199801.1365135,mouse_move,,1768,936,
1788199801.1444595,mouse_move,,1757,940,
1788199801.1525095,mouse_move,,1745,948,
1788199801.1604402,mouse_move,,1733,956,
1788199801.1685061,mouse_move,,1726,959,
1788199801.1764946,mouse_move,,1714,967,
1788199801.184536,mouse_move,,1711,969,
1788199801.1925874,mouse_move,,1707,972,
1788199801.200451,mouse_move,,1706,973,
1788199801.2406952,mouse_move,,1704,974,
1788199801.2565303,mouse_move,,1704,976,
1788199801.2645152,mouse_move,,1705,979,
1788199801.2725751,mouse_move,,1713,981,
1788199801.280611,mouse_move,,1727,983,
1788199801.288494,mouse_move,,1745,983,
1788199801.2965348,mouse_move,,1772,987,
1788199801.3045278,mouse_move,,1801,987,
1788199801.312438,mouse_move,,1830,987,
1788199801.3206038,mouse_move,,1867,987,
1788199801.328642,mouse_move,,1905,987,
1788199801.3365412,mouse_move,,1936,983,
1788199801.3444417,mouse_move,,1970,970,
1788199801.3525603,mouse_move,,1995,961,
1788199801.3604178,mouse_move,,2027,949,
1788199801.3685014,mouse_move,,2058,933,
1788199801.376531,mouse_move,,2090,912,
1788199801.3845701,mouse_move,,2110,901,
1788199801.3924782,mouse_move,,2125,888,
1788199801.4004004,mouse_move,,2140,875,
1788199801.4085095,mouse_move,,2150,863,
1788199801.4165754,mouse_move,,2151,859,
1788199801.424449,mouse_move,,2155,850,
1788199801.4324605,mouse_move,,2155,844,
1788199801.440527,mouse_move,,2155,843,
1788199801.4485908,mouse_move,,2155,839,
1788199801.4565024,mouse_move,,2155,837,
1788199801.4644938,mouse_move,,2153,834,
1788199801.4724963,mouse_move,,2150,831,
1788199801.4805143,mouse_move,,2147,830,
1788199801.4884186,mouse_move,,2143,828,
1788199801.4965088,mouse_move,,2140,827,
1788199801.512595,mouse_move,,2139,827,
1788199801.5212986,mouse_move,,2137,827,
1788199801.5285537,mouse_move,,2136,826,
1788199801.576906,mouse_move,,2134,824,
1788199801.584995,mouse_move,,2134,822,
1788199801.5926745,mouse_move,,2134,819,
1788199801.6004372,mouse_move,,2134,815,
1788199801.60914,mouse_move,,2133,814,
1788199801.6164818,mouse_move,,2133,813,
1788199801.6244779,mouse_move,,2133,812,
1788199801.6325788,mouse_move,,2133,811,
1788199801.640591,mouse_move,,2133,809,
1788199801.7847605,mouse_move,,2133,807,
1788199802.5125196,mouse_move,,2132,807,
1788199802.6566212,mouse_move,,2131,807,
1788199802.8564918,mouse_move,,2130,810,
1788199802.8644898,mouse_move,,2130,811,
1788199802.88059,mouse_move,,2130,812,
1788199802.8884401,mouse_move,,2130,813,
1788199802.8964872,mouse_move,,2130,816,
1788199802.9045146,mouse_move,,2127,818,
1788199802.9125195,mouse_move,,2122,821,
1788199802.920547,mouse_move,,2120,824,
1788199802.928501,mouse_move,,2111,828,
1788199802.936561,mouse_move,,2107,829,
1788199802.9444847,mouse_move,,2096,833,
1788199802.9524667,mouse_move,,2085,834,
1788199802.9604964,mouse_move,,2068,839,
1788199802.9685364,mouse_move,,2049,843,
1788199802.9765968,mouse_move,,2025,847,
1788199802.9848607,mouse_move,,1988,850,
1788199802.992507,mouse_move,,1935,859,
1788199803.0004532,mouse_move,,1877,872,
1788199803.0086067,mouse_move,,1821,875,
1788199803.0164902,mouse_move,,1771,878,
1788199803.0245578,mouse_move,,1727,878,
1788199803.032444,mouse_move,,1693,881,
1788199803.040616,mouse_move,,1650,889,
1788199803.0484555,mouse_move,,1624,891,
1788199803.0564547,mouse_move,,1595,891,
1788199803.0645003,mouse_move,,1576,893,
1788199803.07262,mouse_move,,1562,897,
1788199803.0805793,mouse_move,,1553,899,
1788199803.0884771,mouse_move,,1552,899,
1788199803.1692173,mouse_click,down,1552,899,Button.left
1788199803.25687,mouse_click,up,1552,899,Button.left
1788199803.328996,mouse_move,,1551,900,
1788199803.3368099,mouse_move,,1551,904,
1788199803.3444445,mouse_move,,1551,912,
1788199803.3525524,mouse_move,,1551,920,
1788199803.3605473,mouse_move,,1542,937,
1788199803.3685262,mouse_move,,1536,957,
1788199803.3765628,mouse_move,,1531,978,
1788199803.384591,mouse_move,,1523,1000,
1788199803.3924398,mouse_move,,1512,1022,
1788199803.4004006,mouse_move,,1501,1042,
1788199803.4085567,mouse_move,,1487,1065,
1788199803.416511,mouse_move,,1474,1087,
1788199803.4245224,mouse_move,,1455,1110,
1788199803.4324408,mouse_move,,1438,1137,
1788199803.4405215,mouse_move,,1416,1170,
1788199803.4486053,mouse_move,,1384,1205,
1788199803.4564667,mouse_move,,1360,1235,
1788199803.4645505,mouse_move,,1332,1278,
1788199803.472656,mouse_move,,1311,1306,
1788199803.4804525,mouse_move,,1277,1346,
1788199803.4885006,mouse_move,,1245,1382,
1788199803.4964857,mouse_move,,1216,1416,
1788199803.5045307,mouse_move,,1190,1442,
1788199803.5124896,mouse_move,,1170,1462,
1788199803.520612,mouse_move,,1150,1480,
1788199803.528563,mouse_move,,1135,1491,
1788199803.5365431,mouse_move,,1121,1499,
1788199803.544448,mouse_move,,1112,1502,
1788199803.5525587,mouse_move,,1105,1506,
1788199803.5604842,mouse_move,,1104,1507,
1788199803.6328127,mouse_move,,1104,1508,
1788199803.6406028,mouse_move,,1104,1512,
1788199803.6485114,mouse_move,,1104,1513,
1788199803.656497,mouse_move,,1104,1514,
1788199803.6644835,mouse_move,,1104,1518,
1788199803.6725256,mouse_move,,1104,1521,
1788199803.6804736,mouse_move,,1104,1522,
1788199803.6885147,mouse_move,,1104,1526,
1788199803.696539,mouse_move,,1104,1528,
1788199803.704586,mouse_move,,1104,1534,
1788199803.712446,mouse_move,,1104,1538,
1788199803.7205398,mouse_move,,1103,1543,
1788199803.72851,mouse_move,,1099,1549,
1788199803.7365258,mouse_move,,1098,1555,
1788199803.744445,mouse_move,,1096,1561,
1788199803.752542,mouse_move,,1095,1564,
1788199803.760533,mouse_move,,1095,1565,
1788199803.768491,mouse_move,,1095,1568,
1788199803.8329215,mouse_move,,1094,1569,
1788199803.8969955,mouse_move,,1093,1569,
1788199803.9221528,mouse_click,down,1093,1569,Button.left
1788199804.0327353,mouse_click,up,1093,1569,Button.left
1788199804.272626,mouse_move,,1092,1568,
1788199804.3045325,mouse_move,,1092,1565,
1788199804.312554,mouse_move,,1092,1564,
1788199804.320502,mouse_move,,1092,1563,
1788199804.3528912,mouse_move,,1092,1562,
1788199804.5925527,mouse_move,,1093,1561,
1788199804.7929058,keyboard,down,,,
1788199804.8806703,mouse_move,,1093,1560,
1788199804.8886123,mouse_move,,1094,1558,
1788199805.2958121,keyboard,down,,,
1788199805.3265703,keyboard,down,,,
1788199805.3733819,keyboard,down,,,
1788199805.4044442,keyboard,down,,,
1788199805.4358869,keyboard,down,,,
1788199805.4669654,keyboard,down,,,
1788199805.4973419,keyboard,down,,,
