timestamp,event_type,key_state,*mouse_x,*mouse_y,mouse_button
1788191374.620679,mouse_click,up,*2951,*1478,Button.left
1788191374.495231,mouse_move,,*2951,*1473,
1788191374.5142972,mouse_move,,*2950,*1466,
1788191374.5222547,mouse_move,,*2949,*1460,
1788191374.5375266,mouse_move,,*2944,*1458,
1788191374.5513437,mouse_move,,*2938,*1458,
1788191374.5622847,mouse_move,,*2934,*1462,
1788191374.5733714,mouse_move,,*2931,*1468,
1788191374.5846312,mouse_move,,*2930,*1474,
1788191374.5973482,mouse_move,,*2931,*1478,
1788191374.6115663,mouse_move,,*2936,*1482,
1788191374.6235776,mouse_move,,*2942,*1485,
1788191374.6372151,mouse_move,,*2949,*1486,
1788191374.6456153,mouse_move,,*2956,*1485,
1788191374.6554348,mouse_move,,*2962,*1483,
1788191374.6704998,mouse_move,,*2965,*1480,
1788191374.6778092,mouse_move,,*2959,*1481,
1788191374.687525,mouse_move,,*2955,*1485,
1788191374.706547,mouse_move,,*2952,*1490,
1788191374.7197664,mouse_move,,*2952,*1496,
1788191374.7342355,mouse_move,,*2954,*1503,
1788191374.7403357,mouse_move,,*2959,*1510,
1788191374.7568536,mouse_move,,*2965,*1516,
1788191374.766323,mouse_move,,*2965,*1519,
1788191374.7828743,mouse_move,,*2960,*1525,
1788191374.7927852,mouse_move,,*2959,*1533,
1788191374.800785,mouse_move,,*2963,*1540,
1788191374.8166904,mouse_move,,*2965,*1547,
1788191374.8294137,mouse_move,,*2962,*1555,
1788191374.8449183,mouse_move,,*2965,*1564,
1788191374.860394,mouse_move,,*2965,*1574,
1788191374.8697977,mouse_move,,*2965,*1583,
1788191374.8793917,mouse_move,,*2964,*1594,
1788191374.887365,mouse_move,,*2965,*1605,
1788191374.900442,mouse_move,,*2965,*1616,
1788191374.910934,mouse_move,,*2965,*1625,
1788191374.92043,mouse_move,,*2965,*1635,
1788191374.935093,mouse_move,,*2965,*1646,
1788191374.9611254,mouse_move,,*2965,*1656,
1788191374.9739656,mouse_move,,*2965,*1667,
1788191374.988166,mouse_move,,*2965,*1676,
1788191375.0009913,mouse_move,,*2965,*1686,
1788191375.2408419,mouse_move,,*2965,*1694,
1788191375.2553008,mouse_move,,*2965,*1701,
1788191375.2698016,mouse_move,,*2965,*1708,
1788191375.276455,mouse_move,,*2965,*1715,
1788191375.2891622,mouse_move,,*2965,*1722,
1788191375.3021812,mouse_move,,*2965,*1728,
1788191375.3133879,mouse_move,,*2965,*1734,
1788191375.326843,mouse_move,,*2965,*1740,
1788191375.3390799,mouse_move,,*2964,*1747,
1788191375.3538387,mouse_move,,*2965,*1751,
1788191375.3640068,mouse_move,,*2965,*1758,
1788191375.3691106,mouse_move,,*2965,*1762,
1788191375.3910403,mouse_move,,*2965,*1768,
1788191375.40005,mouse_move,,*2965,*1772,
1788191375.409933,mouse_move,,*2965,*1777,
1788191375.4179504,mouse_move,,*2965,*1783,
1788191375.4302108,mouse_move,,*2965,*1789,
1788191375.4404383,mouse_move,,*2965,*1794,
1788191376.0867636,mouse_move,,*2965,*1798,
1788191376.0962045,mouse_move,,*2965,*1803,
1788191376.1060967,mouse_move,,*2965,*1807,
1788191376.1166704,mouse_move,,*2965,*1809,
1788191376.13316,mouse_move,,*2963,*1812,
1788191376.534536,mouse_move,,*2965,*1816,
1788191376.5411842,mouse_move,,*2965,*1820,
1788191376.55037,mouse_move,,*2965,*1824,
1788191376.5692828,mouse_move,,*2965,*1830,
1788191376.578724,mouse_move,,*2965,*1834,
1788191376.5920653,mouse_move,,*2965,*1839,
1788191376.6037822,mouse_move,,*2965,*1842,
1788191376.6125824,mouse_move,,*2965,*1845,
1788191376.6204784,mouse_move,,*2965,*1848,
1788191376.629455,mouse_move,,*2965,*1853,
1788191376.6383746,mouse_move,,*2965,*1854,
1788191376.652483,mouse_move,,*2965,*1859,
1788191376.6657388,mouse_move,,*2965,*1861,
1788191376.677756,mouse_move,,*2963,*1858,
1788191376.693672,mouse_move,,*2962,*1856,
1788191376.7031653,mouse_move,,*2959,*1852,
1788191376.7209134,mouse_move,,*2957,*1848,
1788191376.7358694,mouse_move,,*2954,*1845,
1788191376.7470565,mouse_move,,*2951,*1843,
1788191376.758421,mouse_move,,*2949,*1840,
1788191376.7762973,mouse_move,,*2946,*1837,
1788191376.7850997,mouse_move,,*2942,*1835,
1788191376.7924073,mouse_move,,*2940,*1832,
1788191377.145918,mouse_move,,*2938,*1830,
1788191377.1569583,mouse_move,,*2936,*1825,
1788191377.174695,mouse_move,,*2932,*1822,
1788191377.184859,mouse_move,,*2929,*1820,
1788191377.197833,mouse_move,,*2925,*1817,
1788191377.2048573,mouse_move,,*2922,*1814,
1788191377.22311,mouse_move,,*2916,*1811,
1788191377.240423,mouse_move,,*2912,*1810,
1788191377.251595,mouse_move,,*2906,*1807,
1788191377.2636807,mouse_move,,*2901,*1805,
1788191377.273259,mouse_move,,*2895,*1802,
1788191377.2852051,mouse_move,,*2891,*1800,
1788191377.2994835,mouse_move,,*2885,*1798,
1788191377.3147342,mouse_move,,*2880,*1797,
1788191377.3255227,mouse_move,,*2876,*1795,
1788191377.3321693,mouse_move,,*2870,*1793,
1788191377.344566,mouse_move,,*2865,*1789,
1788191377.3602228,mouse_move,,*2859,*1786,
1788191377.3706958,mouse_move,,*2853,*1783,
1788191377.3787177,mouse_move,,*2848,*1780,
1788191377.3894308,mouse_move,,*2844,*1778,
1788191377.4039536,mouse_move,,*2839,*1775,
1788191377.4205427,mouse_move,,*2836,*1772,
1788191377.4330513,mouse_move,,*2831,*1769,
1788191377.4443471,mouse_move,,*2826,*1767,
1788191377.4575276,mouse_move,,*2823,*1766,
1788191377.4705472,mouse_move,,*2819,*1764,
1788191377.5132978,mouse_click,down,*2819,*1764,Button.left
1788191378.9891167,mouse_click,up,*2819,*1764,Button.left
1788191379.002641,mouse_move,,*2813,*1763,
1788191379.0141695,mouse_move,,*2807,*1761,
1788191379.0240228,mouse_move,,*2802,*1759,
1788191379.0389466,mouse_move,,*2798,*1758,
1788191379.0471172,mouse_move,,*2793,*1756,
1788191379.0625706,mouse_move,,*2789,*1754,
1788191379.0738602,mouse_move,,*2785,*1750,
1788191379.0831153,mouse_move,,*2779,*1747,
1788191379.0908515,mouse_move,,*2773,*1744,
1788191379.1003706,mouse_move,,*2767,*1742,
1788191379.1204686,mouse_move,,*2762,*1740,
1788191379.1328766,mouse_move,,*2757,*1738,
1788191379.144955,mouse_move,,*2752,*1737,
1788191379.1559756,mouse_move,,*2745,*1735,
1788191379.1667714,mouse_move,,*2737,*1731,
1788191379.1824057,mouse_move,,*2731,*1727,
1788191379.1977663,mouse_move,,*2727,*1723,
1788191379.2079713,mouse_move,,*2721,*1720,
1788191379.2216065,mouse_move,,*2715,*1717,
1788191379.2343082,mouse_move,,*2709,*1713,
1788191379.252333,mouse_move,,*2702,*1712,
1788191379.265183,mouse_move,,*2697,*1710,
1788191379.283918,mouse_move,,*2692,*1707,
1788191379.29438,mouse_move,,*2688,*1702,
1788191379.3034768,mouse_move,,*2687,*1697,
1788191379.3145127,mouse_move,,*2687,*1692,
1788191379.324178,mouse_move,,*2687,*1688,
1788191379.339275,mouse_move,,*2686,*1683,
1788191379.3485126,mouse_move,,*2685,*1678,
1788191379.3622887,mouse_move,,*2683,*1673,
1788191379.3706791,mouse_move,,*2682,*1669,
1788191379.380325,mouse_move,,*2680,*1666,
1788191379.388759,mouse_move,,*2677,*1664,
1788191379.4041712,mouse_move,,*2673,*1661,
1788191379.416971,mouse_move,,*2672,*1658,
1788191379.4336033,mouse_move,,*2670,*1655,
1788191379.446774,mouse_move,,*2667,*1652,
1788191379.4581277,mouse_move,,*2664,*1650,
1788191379.4732795,mouse_move,,*2662,*1646,
1788191379.486726,mouse_move,,*2659,*1643,
1788191379.4968603,mouse_move,,*2656,*1639,
1788191379.5088582,mouse_move,,*2653,*1635,
1788191379.5200622,mouse_move,,*2650,*1633,
1788191379.5440607,mouse_move,,*2648,*1629,
1788191379.5594382,mouse_move,,*2645,*1625,
1788191379.568907,mouse_move,,*2643,*1623,
1788191379.5845428,mouse_move,,*2640,*1620,
1788191379.592745,mouse_move,,*2636,*1618,
1788191379.60576,mouse_move,,*2635,*1614,
1788191379.6137292,mouse_move,,*2634,*1612,
1788191379.627056,mouse_move,,*2632,*1607,
1788191379.6391957,mouse_move,,*2631,*1605,
1788191379.6476185,mouse_move,,*2628,*1600,
1788191379.6536562,mouse_move,,*2626,*1597,
1788191379.6701639,mouse_move,,*2625,*1594,
1788191379.686688,mouse_move,,*2622,*1588,
1788191379.699608,mouse_move,,*2619,*1584,
1788191379.7080789,mouse_move,,*2616,*1578,
1788191379.7253258,mouse_move,,*2612,*1574,
1788191379.7329545,mouse_move,,*2610,*1570,
1788191379.7460222,mouse_move,,*2606,*1565,
1788191379.7633505,mouse_move,,*2601,*1559,
1788191379.77967,mouse_move,,*2596,*1555,
1788191379.7863138,mouse_move,,*2591,*1550,
1788191379.8013918,mouse_move,,*2585,*1543,
1788191379.813532,mouse_move,,*2580,*1535,
1788191380.3498368,mouse_move,,*2576,*1527,
1788191380.3564634,mouse_move,,*2571,*1522,
1788191380.3747299,mouse_move,,*2566,*1516,
1788191380.396521,mouse_move,,*2561,*1510,
1788191380.4143815,mouse_move,,*2555,*1505,
1788191380.4286907,mouse_move,,*2550,*1499,
1788191380.4431143,mouse_move,,*2547,*1494,
1788191380.4578233,mouse_move,,*2544,*1489,
1788191380.473359,mouse_move,,*2542,*1485,
1788191380.4836824,mouse_move,,*2539,*1480,
1788191380.6106129,mouse_move,,*2536,*1475,
1788191380.775304,mouse_move,,*2533,*1470,
1788191380.7864037,mouse_move,,*2531,*1463,
1788191380.7970862,mouse_move,,*2529,*1457,
1788191380.8259614,mouse_move,,*2526,*1451,
1788191380.8364165,mouse_move,,*2522,*1444,
1788191380.8467722,mouse_move,,*2519,*1439,
1788191380.8564672,mouse_move,,*2516,*1434,
1788191380.866728,mouse_move,,*2513,*1428,
1788191380.8837914,mouse_move,,*2511,*1421,
1788191380.8918014,mouse_move,,*2507,*1414,
1788191381.465034,mouse_move,,*2504,*1407,
1788191381.4787226,mouse_move,,*2501,*1400,
1788191381.487684,mouse_move,,*2497,*1393,
1788191381.5007117,mouse_move,,*2492,*1387,
1788191381.5072343,mouse_move,,*2489,*1381,
1788191381.519464,mouse_move,,*2484,*1375,
1788191382.1240637,mouse_move,,*2480,*1369,
1788191382.1335144,mouse_move,,*2476,*1364,
1788191382.143364,mouse_move,,*2472,*1360,
1788191382.1557865,mouse_move,,*2468,*1357,
1788191382.1620805,mouse_move,,*2464,*1353,
1788191382.1798978,mouse_move,,*2460,*1348,
1788191382.1884086,mouse_move,,*2458,*1341,
1788191382.1989703,mouse_move,,*2460,*1334,
1788191382.2075012,mouse_move,,*2464,*1328,
1788191382.2199712,mouse_move,,*2472,*1326,
1788191382.2341363,mouse_move,,*2480,*1323,
1788191382.2438595,mouse_move,,*2488,*1320,
1788191382.253023,mouse_move,,*2496,*1318,
1788191382.2672184,mouse_move,,*2504,*1318,
1788191382.277834,mouse_move,,*2512,*1318,
1788191382.2823277,mouse_move,,*2520,*1318,
1788191382.2980962,mouse_move,,*2526,*1319,
1788191382.3075929,mouse_move,,*2534,*1323,
1788191382.326804,mouse_move,,*2541,*1328,
1788191382.339318,mouse_move,,*2546,*1333,
1788191382.3530793,mouse_move,,*2550,*1339,
1788191382.3659518,mouse_move,,*2551,*1347,
1788191382.3733191,mouse_move,,*2553,*1353,
1788191382.3904178,mouse_move,,*2554,*1359,
1788191382.409254,mouse_move,,*2555,*1366,
1788191382.4164035,mouse_move,,*2553,*1373,
1788191382.4252963,mouse_move,,*2550,*1379,
1788191382.4339702,mouse_move,,*2546,*1386,
1788191382.447712,mouse_move,,*2541,*1393,
1788191382.4993167,mouse_click,down,*2541,*1393,Button.left
1788191382.547168,mouse_click,up,*2541,*1393,Button.left
1788191382.5592148,mouse_move,,*2534,*1399,
1788191382.574197,mouse_move,,*2527,*1404,
1788191382.5871797,mouse_move,,*2521,*1411,
1788191382.603719,mouse_move,,*2514,*1416,
1788191382.6143537,mouse_move,,*2507,*1422,
1788191382.6268513,mouse_move,,*2500,*1428,
1788191382.633576,mouse_move,,*2490,*1434,
1788191382.6416516,mouse_move,,*2482,*1436,
1788191382.6636126,mouse_move,,*2472,*1439,
1788191382.6718364,mouse_move,,*2462,*1442,
1788191382.683417,mouse_move,,*2455,*1449,
1788191382.6909833,mouse_move,,*2452,*1460,
1788191382.6998074,mouse_move,,*2452,*1470,
1788191382.7125416,mouse_move,,*2453,*1481,
1788191382.7267687,mouse_move,,*2458,*1490,
1788191382.7350152,mouse_move,,*2466,*1496,
1788191383.5608275,keyboard,down,*,*,
1788191383.6744046,keyboard,up,*,*,
1788191383.6844108,mouse_move,,*2475,*1502,
1788191383.6989024,mouse_move,,*2486,*1506,
1788191383.7130644,mouse_move,,*2494,*1507,
1788191383.7265224,mouse_move,,*2504,*1509,
1788191383.7387834,mouse_move,,*2515,*1508,
1788191383.7479463,mouse_move,,*2522,*1506,
1788191383.7549446,mouse_move,,*2532,*1503,
1788191383.8686888,keyboard,down,*,*,
1788191384.3590062,keyboard,down,*,*,
1788191384.4491563,keyboard,up,*,*,
1788191384.504681,keyboard,up,*,*,
1788191384.5177226,mouse_move,,*2539,*1498,
1788191384.5276208,mouse_move,,*2546,*1492,
1788191384.5368502,mouse_move,,*2553,*1488,
1788191384.549612,mouse_move,,*2558,*1482,
1788191384.559662,mouse_move,,*2562,*1476,
1788191384.5750227,mouse_move,,*2565,*1471,
1788191384.5902226,mouse_move,,*2565,*1463,
1788191384.6022105,mouse_move,,*2565,*1456,
1788191384.6147256,mouse_move,,*2565,*1449,
1788191384.6238024,mouse_move,,*2564,*1442,
1788191384.6297185,mouse_move,,*2561,*1436,
1788191384.6361034,mouse_move,,*2557,*1430,
1788191384.6498947,mouse_move,,*2554,*1423,
1788191384.6599264,mouse_move,,*2550,*1415,
1788191384.6770794,mouse_move,,*2546,*1408,
1788191384.6940973,mouse_move,,*2542,*1400,
1788191384.7139847,keyboard,down,*,*,
1788191385.516362,mouse_move,,*2536,*1394,
1788191385.5281231,mouse_move,,*2532,*1388,
1788191385.537938,mouse_move,,*2527,*1384,
1788191385.5481112,mouse_move,,*2523,*1379,
1788191385.5576375,mouse_move,,*2518,*1375,
1788191385.5662422,mouse_move,,*2512,*1370,
1788191385.5788596,mouse_move,,*2508,*1368,
1788191385.5888188,mouse_move,,*2503,*1363,
1788191385.603082,mouse_move,,*2498,*1360,
1788191385.609364,mouse_move,,*2493,*1356,
1788191385.6245682,mouse_move,,*2489,*1351,
1788191385.6358893,mouse_move,,*2486,*1346,
1788191385.6512887,mouse_move,,*2481,*1343,
1788191385.659736,mouse_move,,*2477,*1339,
1788191385.6722302,mouse_move,,*2473,*1334,
1788191385.6877055,mouse_move,,*2467,*1331,
1788191385.6978946,mouse_move,,*2463,*1328,
1788191385.7120152,mouse_move,,*2458,*1326,
1788191385.7225542,mouse_move,,*2452,*1323,
1788191385.7346327,mouse_move,,*2445,*1318,
1788191385.7449453,mouse_move,,*2440,*1313,
1788191385.7601004,mouse_move,,*2434,*1309,
1788191385.8340187,keyboard,up,*,*,
1788191385.848881,mouse_move,,*2428,*1306,
1788191385.8603592,mouse_move,,*2421,*1303,
1788191385.8740056,mouse_move,,*2412,*1299,
1788191385.8820808,mouse_move,,*2406,*1296,
1788191385.8896766,mouse_move,,*2399,*1290,
1788191385.9020162,mouse_move,,*2394,*1284,
1788191385.9148917,mouse_move,,*2390,*1277,
1788191385.924706,mouse_move,,*2387,*1271,
1788191386.4274704,mouse_move,,*2385,*1264,
1788191386.4380276,mouse_move,,*2384,*1256,
1788191386.451987,mouse_move,,*2384,*1249,
1788191386.4663374,mouse_move,,*2384,*1241,
1788191386.4776397,mouse_move,,*2385,*1232,
1788191386.4910207,mouse_move,,*2386,*1225,
1788191386.5132,mouse_move,,*2387,*1215,
1788191386.522916,mouse_move,,*2388,*1205,
1788191386.5356388,mouse_move,,*2392,*1196,
1788191386.5526657,mouse_move,,*2394,*1187,
1788191386.5652726,mouse_move,,*2396,*1178,
1788191386.572848,mouse_move,,*2401,*1172,
1788191386.5881917,mouse_move,,*2407,*1165,
1788191387.004247,mouse_move,,*2413,*1159,
1788191387.0143745,mouse_move,,*2420,*1155,
1788191387.0291142,mouse_move,,*2426,*1151,
1788191387.2791486,mouse_move,,*2433,*1148,
1788191387.2906463,mouse_move,,*2439,*1145,
1788191387.298577,mouse_move,,*2446,*1145,
1788191387.314531,mouse_move,,*2454,*1145,
1788191387.3318117,mouse_move,,*2462,*1147,
1788191387.343272,mouse_move,,*2467,*1150,
1788191387.3586104,mouse_move,,*2473,*1156,
1788191387.368003,mouse_move,,*2477,*1164,
1788191387.3796797,mouse_move,,*2480,*1172,
1788191387.3986835,mouse_move,,*2482,*1181,
1788191387.406823,mouse_move,,*2484,*1190,
1788191387.4135685,mouse_move,,*2482,*1199,
1788191387.4230115,mouse_move,,*2481,*1204,
1788191387.432784,mouse_move,,*2478,*1211,
1788191387.4434314,mouse_move,,*2474,*1218,
1788191387.452154,mouse_move,,*2470,*1225,
1788191387.4651048,mouse_move,,*2464,*1232,
1788191387.4799097,mouse_move,,*2459,*1237,
1788191387.4905427,mouse_move,,*2453,*1241,
1788191387.5069597,mouse_move,,*2447,*1247,
1788191387.5215287,mouse_move,,*2443,*1250,
1788191387.6850739,mouse_move,,*2437,*1253,
1788191387.6948373,mouse_move,,*2433,*1257,
1788191387.6998703,mouse_move,,*2431,*1260,
1788191387.7131782,mouse_move,,*2428,*1264,
1788191387.72297,mouse_move,,*2424,*1266,
1788191387.7296345,mouse_move,,*2420,*1269,
1788191387.7380786,mouse_move,,*2415,*1272,
1788191387.7530112,mouse_move,,*2411,*1274,
1788191387.7649753,mouse_move,,*2408,*1276,
1788191387.7752361,mouse_move,,*2403,*1278,
1788191387.7873306,mouse_move,,*2400,*1281,
1788191387.7997267,mouse_move,,*2395,*1283,
1788191387.8107297,mouse_move,,*2388,*1284,
1788191387.8220963,mouse_move,,*2383,*1286,
1788191387.8336592,mouse_move,,*2379,*1287,
1788191387.844462,mouse_move,,*2375,*1289,
1788191387.8549957,mouse_move,,*2372,*1289,
1788191387.8686807,mouse_move,,*2367,*1293,
1788191387.8837984,mouse_move,,*2364,*1293,
1788191387.8976753,mouse_move,,*2360,*1295,
1788191387.911263,mouse_move,,*2356,*1295,
1788191387.9290848,mouse_move,,*2353,*1295,
1788191387.9408095,mouse_move,,*2349,*1296,
1788191387.9506168,mouse_move,,*2348,*1296,
1788191387.9608357,mouse_move,,*2346,*1295,
1788191387.9750624,mouse_move,,*2346,*1295,
1788191387.9921389,mouse_move,,*2344,*1296,
1788191387.9993956,mouse_move,,*2343,*1295,
1788191388.0139263,mouse_move,,*2342,*1296,
1788191388.021235,mouse_move,,*2339,*1297,
1788191388.0368207,mouse_move,,*2337,*1297,
1788191388.0459774,mouse_move,,*2336,*1297,
1788191388.0645337,mouse_move,,*2333,*1298,
1788191388.077226,mouse_move,,*2332,*1298,
1788191388.0876553,mouse_move,,*2330,*1298,
1788191388.1002626,mouse_move,,*2328,*1299,
1788191388.1072016,mouse_move,,*2327,*1299,
1788191388.1229315,mouse_move,,*2326,*1298,
1788191388.1324117,mouse_move,,*2325,*1298,
1788191388.1428547,mouse_move,,*2322,*1297,
1788191388.152669,mouse_move,,*2320,*1297,
1788191388.1634004,mouse_move,,*2318,*1297,
1788191388.1793115,mouse_move,,*2317,*1296,
1788191388.191235,mouse_move,,*2316,*1296,
1788191388.2003596,mouse_move,,*2315,*1297,
1788191388.2143705,mouse_move,,*2314,*1297,
1788191388.2238655,mouse_move,,*2312,*1297,
1788191388.2347147,mouse_move,,*2309,*1298,
1788191388.2551565,mouse_move,,*2309,*1298,
1788191388.2667952,mouse_move,,*2307,*1299,
1788191388.2781115,mouse_move,,*2306,*1301,
1788191388.2942996,mouse_move,,*2305,*1302,
1788191388.3050141,mouse_move,,*2306,*1305,
1788191388.312502,mouse_move,,*2307,*1306,
1788191388.3227363,mouse_move,,*2309,*1309,
1788191388.3320723,mouse_move,,*2311,*1309,
1788191388.3455393,mouse_move,,*2313,*1311,
1788191388.360253,mouse_move,,*2316,*1312,
1788191388.375937,mouse_move,,*2318,*1313,
1788191388.3839788,mouse_move,,*2320,*1310,
1788191388.3961413,mouse_move,,*2323,*1310,
1788191389.0992224,mouse_move,,*2327,*1309,
1788191389.1180387,mouse_move,,*2329,*1308,
1788191389.1302571,mouse_move,,*2333,*1305,
1788191389.1424868,mouse_move,,*2337,*1303,
1788191389.155202,mouse_move,,*2340,*1301,
1788191389.1675267,mouse_move,,*2342,*1297,
1788191389.1728325,mouse_move,,*2346,*1294,
1788191389.1861577,mouse_move,,*2347,*1292,
1788191389.1950295,mouse_move,,*2348,*1289,
1788191389.2024393,mouse_move,,*2350,*1287,
1788191389.2108552,mouse_move,,*2352,*1284,
1788191389.224067,mouse_move,,*2354,*1281,
1788191389.2336462,mouse_move,,*2355,*1277,
1788191389.2430668,mouse_move,,*2355,*1276,
1788191389.2541275,mouse_move,,*2355,*1273,
1788191389.2650971,mouse_move,,*2355,*1271,
1788191389.280805,mouse_move,,*2356,*1268,
1788191389.3011434,mouse_move,,*2355,*1266,
1788191389.3116155,mouse_move,,*2356,*1265,
1788191389.3220289,mouse_move,,*2356,*1264,
1788191389.3369224,mouse_move,,*2355,*1263,
1788191389.352664,mouse_move,,*2356,*1261,
1788191389.3675625,mouse_move,,*2355,*1258,
1788191389.3785508,mouse_move,,*2354,*1257,
1788191389.390126,mouse_move,,*2353,*1254,
1788191389.4017768,mouse_move,,*2353,*1254,
1788191389.4146667,mouse_move,,*2351,*1253,
1788191389.4278886,mouse_move,,*2350,*1251,
1788191389.4361136,mouse_move,,*2349,*1249,
1788191389.4471443,mouse_move,,*2348,*1247,
1788191389.4576485,mouse_move,,*2347,*1247,
1788191389.4660628,mouse_move,,*2346,*1247,
1788191389.4800565,mouse_move,,*2345,*1247,
1788191389.49322,mouse_move,,*2342,*1246,
1788191389.5049198,mouse_move,,*2340,*1243,
1788191389.5163395,mouse_move,,*2337,*1240,
1788191389.985831,mouse_move,,*2336,*1238,
1788191390.6825786,mouse_move,,*2334,*1235,
1788191390.6928015,mouse_move,,*2330,*1231,
1788191390.7036898,mouse_move,,*2326,*1230,
1788191390.7168036,mouse_move,,*2322,*1226,
1788191390.7246346,mouse_move,,*2317,*1223,
1788191390.7408025,mouse_move,,*2312,*1221,
1788191390.7513294,mouse_move,,*2307,*1217,
1788191390.761143,mouse_move,,*2303,*1216,
1788191390.770195,mouse_move,,*2297,*1215,
1788191390.7855887,mouse_move,,*2293,*1214,
1788191390.7966487,mouse_move,,*2288,*1213,
1788191390.8060827,mouse_move,,*2285,*1210,
1788191390.818493,mouse_move,,*2281,*1207,
1788191390.830184,mouse_move,,*2278,*1205,
1788191390.8452644,mouse_move,,*2277,*1203,
1788191390.8541496,mouse_move,,*2275,*1201,
1788191390.8711581,mouse_move,,*2270,*1199,
1788191390.878769,mouse_move,,*2268,*1199,
1788191390.8913097,mouse_move,,*2268,*1198,
1788191390.897881,mouse_move,,*2267,*1197,
1788191390.9137423,mouse_move,,*2267,*1196,
1788191390.9199646,mouse_move,,*2265,*1195,
1788191390.9315841,mouse_move,,*2262,*1194,
1788191390.9461303,mouse_move,,*2260,*1193,
1788191390.9578786,mouse_move,,*2258,*1191,
1788191390.9650981,mouse_move,,*2257,*1191,
1788191390.9764428,mouse_move,,*2256,*1190,
1788191390.98805,mouse_move,,*2253,*1190,
1788191391.0024161,mouse_move,,*2252,*1189,
1788191391.0129416,mouse_move,,*2250,*1189,
1788191391.544163,mouse_move,,*2248,*1189,
1788191391.8998003,mouse_move,,*2247,*1188,
1788191391.9128823,mouse_move,,*2244,*1187,
1788191391.9325583,mouse_move,,*2240,*1185,
1788191391.959397,mouse_move,,*2236,*1185,
1788191391.9692411,mouse_move,,*2232,*1184,
1788191391.9869082,mouse_move,,*2229,*1183,
1788191392.0405636,mouse_click,down,*2229,*1183,Button.left
1788191392.9858992,mouse_click,up,*2229,*1183,Button.left
1788191392.9969964,mouse_move,,*2226,*1182,
1788191393.007134,mouse_move,,*2225,*1182,
1788191393.0186946,mouse_move,,*2223,*1182,
1788191393.0297217,mouse_move,,*2221,*1182,
1788191393.4466505,mouse_click,down,*2221,*1182,Button.right
1788191393.4575627,mouse_move,,*2219,*1182,
1788191393.4877594,mouse_click,up,*2219,*1182,Button.right
1788191393.49632,mouse_move,,*2218,*1182,
1788191393.512254,mouse_move,,*2217,*1183,
1788191393.5304775,mouse_move,,*2215,*1182,
1788191393.538691,mouse_move,,*2213,*1181,
1788191393.5493445,mouse_move,,*2211,*1180,
1788191393.5651832,mouse_move,,*2210,*1178,
1788191393.577017,mouse_move,,*2210,*1175,
1788191393.590494,mouse_move,,*2212,*1174,
1788191393.6026878,mouse_move,,*2213,*1173,
1788191393.6095462,mouse_move,,*2215,*1172,
1788191393.6224687,mouse_move,,*2216,*1170,
1788191393.633732,mouse_move,,*2216,*1169,
1788191393.6476815,mouse_move,,*2217,*1168,
1788191393.6577969,mouse_move,,*2219,*1168,
1788191393.6725833,mouse_move,,*2220,*1169,
1788191393.6780434,mouse_move,,*2220,*1169,
1788191393.6865752,mouse_move,,*2220,*1170,
1788191393.6984031,mouse_move,,*2221,*1170,
1788191393.7220888,mouse_move,,*2221,*1172,
1788191393.7288318,mouse_move,,*2222,*1174,
1788191393.7388144,mouse_move,,*2223,*1178,
1788191393.7515237,mouse_move,,*2223,*1180,
1788191393.7671251,mouse_move,,*2224,*1183,
1788191393.7778063,mouse_move,,*2226,*1186,
1788191393.78418,mouse_move,,*2225,*1188,
1788191393.796058,mouse_move,,*2225,*1192,
1788191393.8068066,mouse_move,,*2225,*1194,
1788191393.8153002,mouse_move,,*2227,*1196,
1788191393.8313081,mouse_move,,*2228,*1198,
1788191393.84573,mouse_move,,*2232,*1200,
1788191393.853249,mouse_move,,*2235,*1201,
1788191393.869162,mouse_move,,*2236,*1202,
1788191393.8782728,mouse_move,,*2239,*1203,
1788191393.8895004,mouse_move,,*2241,*1204,
1788191393.8947148,mouse_move,,*2244,*1205,
1788191393.9049904,mouse_move,,*2247,*1205,
1788191393.9202878,mouse_move,,*2250,*1206,
1788191393.925143,mouse_move,,*2254,*1206,
1788191393.9341466,mouse_move,,*2259,*1205,
1788191393.9421916,mouse_move,,*2265,*1205,
1788191393.9499896,mouse_move,,*2271,*1204,
1788191393.9684978,mouse_move,,*2277,*1203,
1788191393.9787939,mouse_move,,*2284,*1202,
1788191393.9856057,mouse_move,,*2289,*1202,
1788191393.9930182,mouse_move,,*2295,*1203,
1788191394.0093734,mouse_move,,*2302,*1200,
1788191394.019898,mouse_move,,*2307,*1198,
1788191394.0307481,mouse_move,,*2312,*1196,
1788191394.0421968,mouse_move,,*2320,*1194,
1788191394.0551429,mouse_move,,*2327,*1191,
1788191394.065782,mouse_move,,*2335,*1188,
1788191394.0761592,mouse_move,,*2342,*1184,
1788191394.096077,mouse_move,,*2349,*1179,
1788191394.11245,mouse_move,,*2356,*1171,
1788191394.1220496,mouse_move,,*2360,*1163,
1788191394.8822725,mouse_move,,*2364,*1155,
1788191394.8955755,mouse_move,,*2365,*1147,
1788191394.9049578,mouse_move,,*2367,*1139,
1788191394.91715,mouse_move,,*2367,*1132,
1788191394.9283137,mouse_move,,*2366,*1124,
1788191394.941596,mouse_move,,*2364,*1116,
1788191394.950063,mouse_move,,*2362,*1109,
1788191394.9770062,mouse_move,,*2359,*1100,
1788191394.986313,mouse_move,,*2356,*1093,
1788191394.9964468,mouse_move,,*2352,*1086,
1788191395.0092742,mouse_move,,*2348,*1080,
1788191395.01617,mouse_move,,*2342,*1073,
1788191395.0233452,mouse_move,,*2338,*1067,
1788191395.0332472,mouse_move,,*2331,*1062,
1788191395.0470612,mouse_move,,*2325,*1057,
1788191395.0555496,mouse_move,,*2319,*1051,
1788191395.0651088,mouse_move,,*2312,*1046,
1788191395.072887,mouse_move,,*2305,*1040,
1788191395.0802538,mouse_move,,*2299,*1035,
1788191395.0976377,mouse_move,,*2292,*1030,
1788191395.1162827,mouse_move,,*2284,*1024,
1788191395.13575,mouse_move,,*2276,*1020,
1788191395.1467516,mouse_move,,*2268,*1014,
1788191395.161952,mouse_move,,*2259,*1008,
1788191395.176713,mouse_move,,*2250,*1005,
1788191395.1887689,mouse_move,,*2239,*1001,
1788191395.1974611,mouse_move,,*2229,*996,
1788191395.2076368,mouse_move,,*2221,*992,
1788191395.2181664,mouse_move,,*2213,*986,
1788191395.792237,mouse_move,,*2205,*981,
1788191395.8039114,mouse_move,,*2197,*977,
1788191395.8194354,mouse_move,,*2190,*973,
1788191395.828383,mouse_move,,*2183,*970,
1788191395.836715,mouse_move,,*2176,*966,
1788191395.850009,mouse_move,,*2170,*960,
1788191395.8607504,mouse_move,,*2167,*952,
1788191395.87077,mouse_move,,*2168,*944,
1788191395.8767016,mouse_move,,*2171,*937,
1788191395.884867,mouse_move,,*2175,*931,
1788191395.9017758,mouse_move,,*2181,*925,
1788191395.9208477,mouse_click,down,*2181,*925,Button.left
1788191395.9298038,mouse_move,,*2187,*919,
1788191395.9690306,mouse_click,up,*2187,*919,Button.left
1788191395.9804792,mouse_move,,*2193,*918,
1788191396.0000925,mouse_move,,*2201,*918,
1788191396.0103488,mouse_move,,*2207,*919,
1788191396.0186417,mouse_move,,*2211,*919,
1788191396.0268805,mouse_move,,*2217,*920,
1788191396.0384915,mouse_move,,*2221,*923,
1788191396.051572,mouse_move,,*2225,*926,
1788191396.0607057,mouse_move,,*2229,*929,
1788191396.069985,mouse_move,,*2233,*935,
1788191396.0786333,mouse_move,,*2236,*940,
1788191396.08836,mouse_move,,*2240,*947,
1788191396.103761,mouse_move,,*2242,*953,
1788191396.1168804,mouse_move,,*2244,*960,
1788191396.1341662,mouse_move,,*2248,*966,
1788191396.1389241,mouse_move,,*2250,*973,
1788191396.153088,mouse_move,,*2251,*981,
1788191396.166408,mouse_move,,*2252,*989,
1788191396.1775167,mouse_move,,*2253,*997,
1788191396.1917465,mouse_move,,*2253,*1005,
1788191396.2016943,mouse_move,,*2254,*1013,
1788191396.2144215,mouse_move,,*2255,*1022,
1788191396.2237635,mouse_move,,*2255,*1029,
1788191396.2375374,mouse_move,,*2254,*1035,
1788191396.2491248,mouse_move,,*2253,*1043,
1788191396.2623136,mouse_move,,*2252,*1051,
1788191396.276161,mouse_move,,*2251,*1059,
1788191396.286511,mouse_move,,*2249,*1068,
1788191396.3001635,mouse_move,,*2247,*1079,
1788191396.316824,mouse_move,,*2246,*1088,
1788191396.3320768,mouse_move,,*2244,*1099,
1788191396.3507252,mouse_move,,*2242,*1109,
1788191396.362236,mouse_move,,*2239,*1120,
1788191396.3705015,mouse_move,,*2236,*1134,
1788191396.379779,mouse_move,,*2233,*1146,
1788191396.3877878,mouse_move,,*2230,*1158,
1788191396.3949828,mouse_move,,*2227,*1171,
1788191396.4018636,mouse_move,,*2223,*1183,
1788191396.4086576,mouse_move,,*2221,*1196,
1788191396.416885,mouse_move,,*2220,*1209,
1788191396.4263804,mouse_move,,*2217,*1221,
1788191396.437694,mouse_move,,*2213,*1233,
1788191396.451114,mouse_move,,*2209,*1247,
1788191396.4615374,mouse_move,,*2204,*1261,
1788191397.0556283,mouse_move,,*2199,*1276,
1788191397.0670266,mouse_move,,*2194,*1292,
1788191397.0758574,mouse_move,,*2189,*1308,
1788191397.0889537,mouse_move,,*2183,*1322,
1788191397.1010349,mouse_move,,*2177,*1336,
1788191397.1179597,mouse_move,,*2171,*1350,
1788191397.1284742,mouse_move,,*2165,*1366,
1788191397.5779831,keyboard,down,*,*,
1788191398.5150502,keyboard,down,*,*,
1788191398.5717785,keyboard,up,*,*,
1788191398.6211436,keyboard,up,*,*,
1788191398.632085,mouse_move,,*2158,*1381,
1788191398.647295,mouse_move,,*2151,*1395,
1788191398.6551278,mouse_move,,*2142,*1409,
1788191398.6656132,mouse_move,,*2136,*1423,
1788191398.6722996,mouse_move,,*2129,*1436,
1788191398.6822054,mouse_move,,*2124,*1451,
1788191398.6938722,mouse_move,,*2119,*1467,
1788191398.7079153,mouse_move,,*2113,*1482,
1788191398.7184951,mouse_move,,*2109,*1497,
1788191398.7331636,mouse_move,,*2105,*1511,
1788191398.743506,mouse_move,,*2103,*1527,
1788191398.753656,mouse_move,,*2098,*1543,
1788191398.7658467,mouse_move,,*2094,*1558,
1788191398.7844257,mouse_move,,*2093,*1574,
1788191398.7945702,mouse_move,,*2090,*1588,
1788191398.8028755,mouse_move,,*2088,*1603,
1788191398.8124685,mouse_move,,*2086,*1618,
1788191398.821535,mouse_move,,*2085,*1634,
1788191398.8289957,mouse_move,,*2085,*1648,
1788191398.8456028,mouse_move,,*2086,*1663,
1788191398.8595927,mouse_move,,*2091,*1676,
1788191398.8692348,mouse_move,,*2100,*1688,
1788191398.8846173,mouse_move,,*2111,*1697,
1788191398.8924487,mouse_move,,*2125,*1704,
1788191398.9041708,mouse_move,,*2139,*1707,
1788191398.9117017,mouse_move,,*2154,*1705,
1788191398.9217846,mouse_move,,*2167,*1700,
1788191399.0007703,mouse_click,down,*2167,*1700,Button.left
1788191399.0465903,mouse_click,up,*2167,*1700,Button.left
1788191399.0626085,mouse_move,,*2177,*1694,
1788191399.0917883,keyboard,down,*,*,
1788191399.102616,mouse_move,,*2189,*1685,
1788191399.241203,keyboard,down,*,*,
